file	table	column	entry	english	repo_value	live_value	decision	note
locales_creature.sql	locales_creature	name_loc4	62034	Nora Steamsight	诺拉斯特伊姆西特	诺拉·汽望		
locales_creature.sql	locales_creature	name_loc4	62300	Lloyd	尔奥德	劳埃德		
locales_creature.sql	locales_creature	name_loc4	62739	Orthol the Tracker	追踪者奥尔索尔	黑暗者纳科格		
locales_creature.sql	locales_creature	name_loc4	62900	Arch Druid Renethra Moonwater	大德鲁伊瑞内斯尔阿月水	大德鲁伊瑞内斯尔·月水		
locales_creature.sql	locales_creature	name_loc4	62901	Sentinel Commander Silverstreak	哨兵指挥官西尔维尔斯特尔伊克	哨兵指挥官银痕		
locales_creature.sql	locales_creature	name_loc4	62994	Maghan	马格阿恩	马甘		
locales_creature.sql	locales_creature	name_loc4	63148	Lady Serpentia	雷蒂塞尔彭蒂娅	塞彭提亚女士		
locales_creature.sql	locales_creature	name_loc4	63188	Argur Rustbrand	阿尔古尔鲁斯特布拉恩德	阿尔古尔·锈印		
locales_creature.sql	locales_creature	name_loc4	63201	Ireth Moondancer	伊瑞斯月舞者	伊瑞丝·月舞者		
locales_new_entities.sql	locales_creature	name_loc4	62588	Udape Sungrass	乌达佩·阳草	乌达佩太阳草		
locales_new_entities.sql	locales_creature	name_loc4	62590	Kilrogg Deadeye	基尔罗格·死眼	基尔罗格死眼	skip	仅标点/空白/间隔号差异
locales_new_entities.sql	locales_creature	name_loc4	73101	The Artificer	工匠	技师		
locales_new_entities.sql	locales_gameobject	name_loc4	2020167	Hidden Locker	隐藏的储物箱	隐藏生物烧焦的储物柜		
locales_new_entities.sql	locales_gameobject	name_loc4	2020177	Muddy Journal	沾满泥污的日记	的土堆日记		
locales_new_entities.sql	locales_item	name_loc4	41301	Alatheas Vow To Elune	阿蕾西亚的艾露恩之誓	阿拉西娅对艾露恩的誓言		
locales_new_entities.sql	locales_item	name_loc4	41354	Gulmires Crystal	古尔迈尔的水晶	古尔米瑞水晶		
locales_new_entities.sql	locales_item	name_loc4	41359	Gilnean Jewelry: A Compendium	吉尔尼斯珠宝：图鉴	吉尔尼斯珠宝饰：汇编		
locales_new_entities.sql	locales_item	name_loc4	41363	Kumishas Scroll	库米莎的卷轴	库姆伊莎的卷轴		
locales_new_entities.sql	locales_item	name_loc4	41371	Clutch of Thanlar	坦拉尔之握	坦拉尔之腰带		
locales_new_entities.sql	locales_item	name_loc4	41385	Pure Draenethyst Gemstone	纯净的德莱尼水晶宝石	纯净德莱尼水宝石		
locales_new_entities.sql	locales_item	name_loc4	41410	Zandaras Head	赞达拉的头颅	赞妲拉的头颅		
locales_new_entities.sql	locales_item	name_loc4	41424	Orb of Vorgendor	沃根多之球	沃根多之宝珠		
locales_new_entities.sql	locales_item	name_loc4	56082	Perfect Lifeblood Gem	完美的生命之血宝石	完美的活力宝石		
locales_new_entities.sql	locales_item	name_loc4	41917	Desert Seekers Pants	沙漠探寻者长裤	沙漠探寻者的短裤		
locales_new_entities.sql	locales_item	name_loc4	33876	Dragonbane	巨龙杀手	灭龙		
locales_quest.sql	locales_quest	Details_loc4	3861	"Cluck... cluck... cluck... BACAW!$B$BCluck... cluck... cluck."$B$BThe chicken looks up at you and then starts to scratch its claws into the ground. You think i	“咕咕嘎……咕咕嘎……咕咕！$B$B咕咕嘎……咕咕嘎……咕咕。”$B$B小鸡抬头看着你，然后伸出爪子探到地面上。你认为它是在拼写某个单词，但是又不确定是什么单词。S-A-L-D-E-A-N…C-o-o-C-e-l-y…是指萨丁农场吗？在你发出询问之前，小鸡转过身子，做它自己的事儿去了。	“咕咕嘎……咕咕嘎……咕咕！$B$B咕咕嘎……咕咕嘎……咕咕。”$B$B小鸡抬头看着你，然后伸出爪子探到地面上。你认为它是在拼写某个单词，但		
locales_quest.sql	locales_quest	Details_loc4	4983	Take this report back to Lexlort. It will redeem my good name and will surely give the K.E.F. a strategic advantage in dealing with these orcs.$B$BCome with you	把这份报告交给雷克斯洛特。它可以让我恢复好名声，并且肯定会让K.E.F.在对付这些兽人时占据战略上的优势。$B$B跟你一起回去？我有太多的工作要做。快走吧，他们急需这些报告！	把这份报告交给雷克斯洛特—加龙省—加龙省。它可以让我恢复好名声，并且肯定会让K。E。F。在对付这些兽人时占据战略上的优势。$B$B跟你一起回		
locales_quest.sql	locales_quest	Details_loc4	20002	<Tirion inspects the orb in silence for a while.>$B By the Light!$BThis pure essence, this raw energy of the Light, this is definitely Alexandros himself!$BHis 	$B  在灯光下！$B这个纯净的本质，这个光的原始能量，这绝对是亚历山德罗斯本人！$B他休眠的灵魂变成了这个球体，但目的是什么？$bi我无法理解这一点，但也许我们可以试着唤醒他。我不确定这里的用词是否正确。但我们怎么能做到呢？$B熟悉的东西可能会起作用。$B  听$n。Saidan Dathrohan是最早的圣骑士之一，我和Alexandros的朋友，在某个时候他疯了。这在当时被证明是由于某种恶魔的影响。$B当雷诺杀死他的父亲时，赛丹拿走了灰烬使者的披风作为战利品。$bat同时，如果我的信息是正确的，瑞文戴尔男爵骄傲地穿着亚历山德罗斯的斗篷作为嘲弄。$B  你的任务是冒险进入斯坦索姆，找到这些曾经属于灰烬使者的物品。带上宝球，我相信你会有反应的。在此期间，我会努力理解这种情况。 	<提里奥默默地检查了一会儿球体>$B以圣光之名！$B这个纯净的本质，这个光的原始能量，这绝对是亚历山德罗斯本人！$B他休眠的灵魂变成了这个球		
locales_quest.sql	locales_quest	Details_loc4	20005	After leaving behind my mortal shell the Light has shown me many different things.$BMy life,  my mission, my future.$BAll I wish now is to end the Scarlet Crusa	在我离开尘世的躯壳之后，光向我展示了许多不同的东西。$B我的生活，我的使命，我的未来。$ball我现在希望结束血色十字军。$bBridgette Abbendis已经撤退到血色修道院。她下令招募更多的人，并设计了一种新的混合物，可以立即消灭不死生物。$B从她决定躲在房间里冥想的那天起，她的计划似乎就没有生效。你看，光有它自己的路径，对我们来说很神秘。她是为了一个愚蠢的目的而拥有更多的权力。在蒂尔之手的东边，血色十字军准备向北进发，等待他们的领袖回来，这样他们就可以开始了。$B但在她冥想期间，一股黑暗力量渗透进了修道院，并永远折磨着已经狂热的头脑。$B他们再也看不出活人和亡灵之间的区别了。他们对暗影魔法的使用来自一种不同的力量，一种可以等同于光本身的力量。$bit是时候决定你是否准备好证明自己的勇气了。$B纳克萨玛斯确实是一个威胁，但这里的力量可以很好地超越它。你准备好了吗$n？	在我离开尘世的躯壳之后，光向我展示了许多不同的东西。$B我的生活，我的使命，我的未来。$b我现在全部的希望就是终结血色十字军。$b布丽奇特·		
locales_quest.sql	locales_quest	Details_loc4	40121	The alpha of the Ghostpaw Wolves in the area is named Ghoststalker. He is a ferocious beast that leads packs of wolves in the region with dangerous intent. If a	该地区鬼爪狼的首领被命名为Ghoststalker。他是一头凶猛的野兽，在该地区领导着一群狼群，意图危险。如果要实现自然的平衡，就必须杀死野兽。$B$B你应该在法拉西姆湖西北和佐拉姆斯特兰德东南的山上找到他。祝你打猎好运。幽灵追踪者是一只聪明的野兽，直到今天我都不知道。	该地区鬼爪狼的首领被命名为幽灵猎手。他是一头凶猛的野兽，在该地区领导着一群狼群，意图危险。如果要实现自然的平衡，就必须杀死野兽。$B$B你应		
locales_quest.sql	locales_quest	Details_loc4	40174	All right mate. Yeve done well so far but thars still some stuff we have to do afore leavin this rotten port. If we wants these idiots to never have a chance in	好的，伙计。到目前为止，你做得很好，但在离开这个烂港口之前，我们还有一些事情要做。如果我们想让这些白痴在面对血帆海盗时永远没有机会，我们也必须对他们的弹药做手脚。他说，我要给你一瓶“特殊”的水，你必须把你能找到的任何一桶炸药都倒进去。$B$BSavvy？	好的伙计。到目前为止，你做得很好，但在离开这个烂港口之前，我们还有一些事情要做。如果我们想让这些白痴在面对血帆海盗时永远没有机会，我们也必须		
locales_quest.sql	locales_quest	Details_loc4	40213	This necklace has made me regain much of my former strength. If you were paying attention during your trip then you would have uncovered my true identity. Now y	这条项链让我恢复了很多以前的力量。如果你在旅途中注意的话，你就会发现我的真实身份。现在你真正知道我是谁了，我们将朝着我的最终目标努力。$B$BI能够引导我的能量并找到腐败的源头。虽然我们可以很好地面对，并用我的项链的力量召唤它给我们，我首先要报复那些抛弃了对我的崇拜的人。$B$b祖尔哈祖曾经是一个我称之为家的地方，正是在那里，巨魔们称我为神。他们练习我的魔法，跟随我到世界的尽头。$B$B前往西北部的祖尔哈祖（Zul'Hazu），杀死首领黑暗大师哈扎吉（Haza'gi）、冠军拉加齐（Raggazi）和酋长沃赫佐（Woh'zo）。人们也应该受苦，从他们那里得到10个哈祖里护身符，它们将是很好的装饰品。	这条项链让我恢复了很多以前的力量。如果你在旅途中注意的话，你就会发现我的真实身份。现在你真正知道我是谁了，我们将朝着我的最终目标努力。$B$		
locales_quest.sql	locales_quest	Details_loc4	40225	As much as I appreciate this delivery I know what it means. I made a promise long ago to uphold an end of the bargain. I desired him to pillage the areas I gave	虽然我很感激这次送货，但我知道这意味着什么。我很久以前就承诺过要遵守协议。我希望他掠夺我给他的地区，以换取一些货物和信息。$B$B他正在寻找杀害杰德的凶手，就是前一段时间拆散我们老船员的那个人，现在他已经完成了他的使命，我也会这么做。我不是老鼠，我守信用。$B$B组织这次袭击来拆散我们的人名叫Wally Wisecrack，他现在和那些辛迪加男孩混在一起，虽然我相信'滑'知道这一点。一旦你告诉“斯利普”这就是幕后黑手，他无疑会想要报复。	虽然我很感激这次送货，但我知道这意味着什么。我很久以前就承诺过要遵守协议。我希望他掠夺我给他的地区，以换取一些货物和信息。$B$B他正在寻找		
locales_quest.sql	locales_quest	Details_loc4	40253	Welcome to my humble abode, I have kept my duty upon this spire and will continue to do so. Now that the Way-Stones are restablished we can begin to make our pr	欢迎来到我的寒舍，我在这个塔尖上履行了我的职责，并将继续这样做。现在路石已经重建，我们可以开始让我们在该地区的存在更加广为人知。$B$B西南方向是Zin-Malor神庙，坐落在Eldarath的废墟中，目前居住着扭曲的纳迦。在Zin-Malor的神庙里，隐藏着他们永远不会发现的秘密，而我需要你去揭开。$B$B在寺庙深处，你会发现一块独特的石头，上面刻着一种更古老语言的明亮符文。这块石头，被称为阿山石，当你看到它时，说出下面的“Tizah Ashan Dal'Asha”。这个魔法将再一次削弱延伸穿过艾萨拉的长而不活跃的莱伊线。	欢迎来到我的寒舍，我在这个塔尖上履行了我的职责，并将继续这样做。现在路石已经重建，我们可以开始让我们在该地区的存在更加广为人知。$B$B西南		
locales_quest.sql	locales_quest	Details_loc4	40266	I have seen, a great many things, a great darkness that has enveloped not just this island, but all around us. My people did the bidding of a greater power, and	我看到了很多东西，巨大的黑暗不仅笼罩着这个岛，也笼罩着我们周围的一切。我的人民听从了更强大力量的命令，心甘情愿地跟随它进入黑暗。在我们灭亡之前，我们只不过是棋子。然而，$B$bi确实看到了比痛苦更多的东西，我看到了Gor dosh食人魔的预言家，他是我曾经的老朋友。也许是他可以提供一些智慧，或建议如何继续下去，也许是他，谁有答案。$B$bseer Bol'ukk居住在Gor'dosh高地，在他部落的其他成员中，你应该在遥远的北方的拉皮迪斯岛上找到他。戈尔多什高地位于其西北侧。	我看到了很多东西，巨大的黑暗不仅笼罩着这个岛，也笼罩着我们周围的一切。我的人民听从了更强大力量的命令，心甘情愿地跟随它进入黑暗。在我们灭亡之		
locales_quest.sql	locales_quest	Details_loc4	40289	The last thing I require from you is to honor the dead, you have done much work, work that I could not fulfill, so I ask you to honor the forgotten for me. I wi	最后一件事，我要求你尊重死者，你已经做了很多工作，我无法完成的工作，所以我请求你为我尊重那些被遗忘的人。我会努力重新打造这把剑，虽然这需要很长一段时间才能达到完美的平衡。$B$B和我说话，说出堕落者的名字，这样他的灵魂就可以在他的战士同伴中自由行走。这样你就可以把他的勇士精神传递下去。$B$B他被命名为'Tak'Gar Deephate'。	最后一件事，俺求你拜拜死人，你帮俺好多，所以俺请你替俺拜拜咱死掉的朋友。俺把这剑用心修好，要好久才能搞的和新的一样。$B$B来咱一起，念出死		
locales_quest.sql	locales_quest	Details_loc4	40799	They still arent responding to me! How is it my siblings make it look so simple? How very infuriating!$B$B<Her ears prick and she bares her fangs when she fails	他们还没有回复我！ 我的兄弟姐妹怎么看起来这么简单？ 多么令人气愤！$B$B<当她未能将其中一只雏鸟召唤到她身边时，她的耳朵会竖起，她会露出獠牙。>$B$B 我的山多会告诉我放下我的骄傲，我' 我确定。 他的方式始终是耐心的。 我恳求你，$N，去找角鹰兽大师并请求他们对这些任性的孩子提出建议。 不遗漏我的挣扎细节，尽管承认我需要他们的帮助让我很痛苦。$B$B等等！ 不要与卡里拉斯或 菲尔德伦说话！ 我不能接受只能被视为优惠待遇的东西。$B$B 我强烈建议你前往鲁瑟兰村和阿斯特兰纳，我相信我曾经收到过来自奈杰尔角的信件，无论那是在哪里。 石爪峰上的特洛伦（Teloren）我确信他会在这方面帮助我，但要注意他的……漫无目的的倾向。	他们还没有回复我！我的兄弟姐妹怎么看起来这么简单？多么令人气愤！$B$B<当她未能将其中一只雏鸟召唤到她身边时，她的耳朵会竖起，她会露出獠牙		
locales_quest.sql	locales_quest	Details_loc4	70033	This is it $N, your most dangerous task yet, but I am more than sure you will succeed.$B$BYou showed courage I have not seen in so long, may the ancestors guide	"这是$N，你迄今为止最危险的任务，但我非常确信你会成功。 $B$B你展现出了我很久没有见过的勇气，愿祖先指引你的脚步，保佑你平安归来。 $B$BYou有我的祝福和祖先的庇护。 $B$B你站立的地方曾经站着一位伟大的战士，你也将走在他的脚步中，带着你心中的骄傲杀死他们！ "	"这是$N，你迄今为止最危险的任务，但我非常确信你会成功。$B$B你展现出了我很久没有见过的勇气，愿祖先指引你的脚步，保佑你平安归来。$B$		
locales_quest.sql	locales_quest	Details_loc4	80103	Well, I guess we figured out why the elves are up here: The whole dang forest up ahead is on fire! And its gotta be goblin-made, too.$B$BNo one else uses the ki	嗯，我想我们明白了为什么精灵会在这里。前方整个当林都着火了！而且肯定是地精做的.$B$BNo 没有其他人会用那种能燃烧这么久的油！那是破坏的东西，孩子。侏儒不可能得到它.$B$B不知道这个看台上有什么，但我不喜欢它。去那里带回一些石油.$B$B 也许，在我们去这里之前，你会发现一些关于发生的事情的线索。如果没有，至少我们自己的油供应又增加了！"	嗯，我想我们明白了为什么精灵会在这里。前方整个森林都着火了！而且肯定是地精做的。$B$B没有其他人会用那种能燃烧这么久的油！那是安德麦的货，		
locales_quest.sql	locales_quest	Objectives_loc4	6961	Speak with Greatfather Winter; he is located near the Smokywood Pastures vendor area in Orgrimmar.	和冬天爷爷谈谈；他在奥格瑞玛Smokywood Pastures商人区旁边。	和冬天爷爷谈谈；他在奥格瑞玛烟林牧场商人区旁边。		
locales_quest.sql	locales_quest	Objectives_loc4	40020	Find Yindos necklace in the Ruins of ZulRasaz.	在Zul'rasaz废墟中找到Yin'dos项链。	在祖尔拉萨兹废墟中找到酋长项链。		
locales_quest.sql	locales_quest	Objectives_loc4	40077	Collect 10 Sorrowmoss Mushrooms for Sly Duncan.	为'Sly'Duncan收集10个Sorrowmoss蘑菇。	为'‘狡诈’邓肯收集10个悲伤苔藓蘑菇。		
locales_quest.sql	locales_quest	Objectives_loc4	40093	Venture within the Tidemaster in Shanks Reef and recover the Tidemasters Logbook for Deckmaster Breachcrest in Caelans Rest.	在Shank's Reef的Tidemaster内冒险，并为Caelan's Rest的Deckmaster Breachcrest恢复Tidemaster的日志。	在珊瑚暗礁的潮汐大师内冒险，并为卡兰之墓的甲板长布瑞驰克莱斯特恢复潮汐大师的日志。		
locales_quest.sql	locales_quest	Objectives_loc4	40120	Gather 5 Ghostpaw Pelts from the local Ghostpaw Wolf population and bring them to Ardaen Evermoon in Ashenvale.	从当地的鬼爪狼群中收集5张鬼爪毛皮，并将它们带到灰谷的Ardaen Evermoon。	从当地的鬼爪狼群中收集5张鬼爪毛皮，并将它们带到灰谷的阿丁·永月。		
locales_quest.sql	locales_quest	Objectives_loc4	40121	Kill Ghoststalker and bring his paw to Ardaen Evermoon.	杀死幽灵追踪者，并把他的爪子带到阿尔登Evermoon。	杀死幽灵追踪者，并把他的爪子带到阿尔登永月。		
locales_quest.sql	locales_quest	Objectives_loc4	40172	Speak to Garfield The Fox Sparkleblast if you wish to aid him.  (This will make the Bloodsail Buccaneers not see you as an enemy anymore.)	如果你想帮助加菲尔德“狐狸”Sparkleblast，请与他交谈。（这将使血帆海盗不再视你为敌人。	如果你想帮助加菲尔德“狐狸”光爆，请与他交谈。（这将使血帆海盗和你不在敌对。		
locales_quest.sql	locales_quest	Objectives_loc4	40184	"Free" Thirael Blistersong.	“免费的”Thirael Blistersong	“免费的”塞瑞尔·疱歌		
locales_quest.sql	locales_quest	Objectives_loc4	40195	Collect the skulls of Speaker Ujuwa and Chief Imazul for Jubo in Maulogg Refuge.	为Maul'ogg避难所的Jubo收集议长Ujuwa和酋长Imaz'UL的头骨。	为莫尔奥格避难所的诸波收集议长乌朱瓦和酋长伊玛祖'UL的头骨。		
locales_quest.sql	locales_quest	Objectives_loc4	40199	Slay 10 Lurking Jungle Creepers and 10 Junglepaw Panthers for Lord CrukZogg in Maulogg Refuge.	在Maul'ogg避难所为Cruk'zogg领主杀死10只潜伏的丛林爬行动物和10只丛林爪豹。	为莫尔奥格避难所的克鲁克佐格首领杀死10只潜行丛林爬行者和10只林爪黑豹。		
locales_quest.sql	locales_quest	Objectives_loc4	40219	Claim the Star Emerald for Lord CrukZogg in Maulogg Refuge.	在Maul'ogg避难所为Cruk'zogg领主认领星星翡翠。	在莫尔奥格避难所为克鲁克佐格领主拿回星光翡翠。		
locales_quest.sql	locales_quest	Objectives_loc4	40258	Reclaim The Maul Orb from Gordosh Heights on Lapidis Isle and return to Embergut at Maulogg Post.	从拉皮迪斯岛（Lapidis Isle）上的戈尔多什高地（Gor'Dosh Heights）夺回魔球（Maul Orb），并返回位于莫格哨所（Maul'Ogg Post）的恩伯古特（Embergut）。	从拉皮迪斯岛上的戈尔多什高地夺回魔球，并返回位于莫格哨所的恩伯古特。		
locales_quest.sql	locales_quest	Objectives_loc4	40266	Speak with Seer Bolukk at the Gordosh Heights, and return to Hazgorg the Great Seer with information.	与Gor'dosh高地的先知Bol'ukk交谈，并带着信息返回伟大的先知HAZ'gorg。	与戈尔多什高地的伯乌克先知交谈，并带着信息返回大先知海资高格身边。		
locales_quest.sql	locales_quest	Objectives_loc4	40269	Obtain a Gorilla Ligment from Ungoro Crater and return to Insomni on Kazon Island.	从Un'Goro火山口获得大猩猩韧带，并返回Kazon岛的Insom'Ni。	从安戈洛火山口获得大猩猩韧带，并返回卡松岛的英桑姆尼。		
locales_quest.sql	locales_quest	Objectives_loc4	40271	Wait for Insomni to finish his magic, then return to Hazgorg the Great Seer.	等待Insom'Ni完成他的魔法，然后回到伟大的先知HAZ'gorg。	等待英桑姆尼完成他的魔法，然后回到大先知海资高格身边。		
locales_quest.sql	locales_quest	Objectives_loc4	40299	In order to create the Shoulderguards of the Lightbringer, you will be required to bring the following items back to Malyfous Darkhammer: 1 Pristine Hide of the	为了创造光明使者的护肩，你需要将以下物品带回Malyfous Darkhammer：1张原始兽皮；10块奥金条；8个正义之球；5个信仰奖章。你还需要为该物品的制作支付50枚金币。	为了创造光明使者的护肩，你需要将以下物品带回玛雷弗斯·暗锤：1张原始兽皮；10块奥金条；8个正义之球；5个信仰奖章。你还需要为该物品的制作支		
locales_quest.sql	locales_quest	OfferRewardText_loc4	70053	You''re saying they were smaller in size? That''d explain their hunger.$B$BHowever	你是说它们的尺寸更小？ 这可以解释它们的饥饿感。$B$B然而，什么会让它们这么早离开巢穴，为什么它们全部离开巢穴？$B$B<Warg 思考了一会儿，然后转向你。>$B$BHere's 按承诺付款。 我会进一步调查。	你是说它们的尺寸更小？这可以解释它们的饥饿感。$B$B然而，什么会让它们这么早离开巢穴，为什么它们全部离开巢穴？$B$B<瓦格思考了一会儿，		
locales_quest.sql	locales_quest	Title_loc4	40004	Winterax Champion	温特莱克斯冠军	冰斧勇士		
locales_quest.sql	locales_quest	Title_loc4	40114	Uldum Awaits	奥丹姆在等着	奥丹姆在等待		
locales_quest.sql	locales_quest	Title_loc4	40115	Guardian of the Gate	大门守护者	守门者		
locales_quest.sql	locales_quest	Title_loc4	40120	Aggressive Wildlife	好斗的野生动物	好斗的野兽		
locales_quest.sql	locales_quest	Title_loc4	40121	Alpha Aggression	阿尔法攻击	头领的进犯		
locales_quest.sql	locales_quest	Title_loc4	40122	The Azshara Dampening	艾萨拉减弱了	艾萨拉的沉寂		
locales_quest.sql	locales_quest	Title_loc4	40123	The Dampening Mystery	令人沮丧的神秘	沉寂之谜		
locales_quest.sql	locales_quest	Title_loc4	40175	The Bet	那个赌注	赌约		
locales_quest.sql	locales_quest	Title_loc4	40756	Operation FIX Screwfuse 1000	行动：修复螺栓熔化器1000	行动：修好螺熔1000型		
locales_quest.sql	locales_quest	Title_loc4	40758	Operation Help Jabbey 2	行动：帮助杰比2	行动：援助加贝 2		
locales_quest.sql	locales_quest	Title_loc4	40782	The Legend Comes To Life!	传说变为现实！	传说成真！		
locales_quest.sql	locales_quest	Title_loc4	41069	Black Lotus Collection	黑莲花系列	黑莲花收集		
locales_quest.sql	locales_quest	Title_loc4	41070	Unhallowed Branches	不神圣的树枝	亵渎的枝干		
locales_quest.sql	locales_quest	Title_loc4	41149	Fly High, Little Dulin	飞翔吧，小杜林	高飞吧，小杜林		
locales_quest.sql	locales_quest	Title_loc4	41168	Maritime Gumbo	海鲜浓汤	海味浓汤		
locales_quest.sql	locales_quest	Title_loc4	41274	Testaments Of True Love	真实爱情遗训	真爱遗言		
locales_quest.sql	locales_quest	Title_loc4	41275	Mastering Goldsmithing	控制金饰加工	精通金饰加工		
locales_quest.sql	locales_quest	Title_loc4	41276	Mastering Goldsmithing	控制金饰加工	精通金饰加工		
locales_quest.sql	locales_quest	Title_loc4	41277	Mastering Gemology	控制宝石学	精通宝石学		
locales_quest.sql	locales_quest	Title_loc4	41278	Mastering Gemology	控制宝石学	精通宝石学		
locales_quest.sql	locales_quest	Title_loc4	41279	The Lifeblood	活力	命脉		
locales_quest.sql	locales_quest	Title_loc4	41281	Preparation	伺机待发	准备		
locales_quest.sql	locales_quest	Title_loc4	41282	The Final Cut	最终切割	最后一刀		
locales_quest.sql	locales_quest	Title_loc4	41285	Left In Bad Faith	坏掉的信仰左	失信弃之		
locales_quest.sql	locales_quest	Title_loc4	41286	The Artificer	技师	巧匠		
locales_quest.sql	locales_quest	Title_loc4	41287	Sand In The Cracks	裂隙之沙	裂隙中的沙		
locales_quest.sql	locales_quest	Title_loc4	41288	Stones Of Radiance	光辉之能量石	光辉之石		
locales_quest.sql	locales_quest	Title_loc4	41289	Foreign Knowledge	海外知识	异域的学识		
locales_quest.sql	locales_quest	Title_loc4	41290	The Artificer	技师	巧匠		
locales_quest.sql	locales_quest	Title_loc4	41291	Unfortunate Circumstances	不幸的境况	时运不济		
locales_quest.sql	locales_quest	Title_loc4	41292	The Art Of Goldsmithing	金饰加工之艺术	金饰加工的艺术		
locales_quest.sql	locales_quest	Title_loc4	41293	Elaborate Golden Bracelets	精致的金手镯	精美的金手镯		
locales_quest.sql	locales_quest	Title_loc4	41294	Observations	观察站	观察所见		
locales_quest.sql	locales_quest	Title_loc4	41295	Dearest Gallitrea	最亲爱的加莉特蕾娅	亲爱的加莉特蕾娅		
locales_quest.sql	locales_quest	Title_loc4	41296	The Collector	收货人	收藏家		
locales_quest.sql	locales_quest	Title_loc4	41298	Envoy Of Draenor	德拉诺之使者	德拉诺的使者		
locales_quest.sql	locales_quest	Title_loc4	41301	Undermarket Offer	黑市在处奉上祭品	黑市献礼		
locales_quest.sql	locales_quest	Title_loc4	41303	Lost In Ratchet	棘齿城之迷失	迷失棘齿城		
locales_quest.sql	locales_quest	Title_loc4	41304	A Friend Of A Friend?	朋友?之朋友	朋友的朋友？		
locales_quest.sql	locales_quest	Title_loc4	41305	Gold Is The Goblins Heart	金色使你的地精燃心	黄金是地精的心头肉		
locales_quest.sql	locales_quest	Title_loc4	41309	Brittle Gnome More	脆弱侏儒更多的	脆弱的侏儒		
locales_quest.sql	locales_quest	Title_loc4	41310	Clutch of Thanlar	坦拉尔之腰带	坦拉尔之握		
locales_quest.sql	locales_quest	Title_loc4	41312	Restoration	恢复	修复		
locales_quest.sql	locales_quest	Title_loc4	41313	Leyline Investigation	地脉调查岭	地脉调查		
locales_quest.sql	locales_quest	Title_loc4	41314	A Cause Of Concern	任务之导致	令人忧心的事由		
locales_quest.sql	locales_quest	Title_loc4	41315	Unveiling The Mystery	揭幕神秘	揭开谜团		
locales_quest.sql	locales_quest	Title_loc4	41317	The Rune of Blaz	布拉兹之符文	布拉兹的符文		
locales_quest.sql	locales_quest	Title_loc4	41318	Mastercrafted Diamond Crown	精致钻石宝冠	大师级钻石王冠		
locales_quest.sql	locales_quest	Title_loc4	41319	Mastercrafted Diamond Bangles	精制钻石手镯	大师级钻石手镯		
locales_quest.sql	locales_quest	Title_loc4	41320	Learn Of My Past	我的往日的学习	了解我的过去		
locales_quest.sql	locales_quest	Title_loc4	41321	Rift Fatigue: Mind	裂隙行者疲惫：心灵震爆	裂隙疲劳：心智		
locales_quest.sql	locales_quest	Title_loc4	41322	Rift Fatigue: Body	裂隙行者疲惫：躯体转换	裂隙疲劳：躯体		
locales_quest.sql	locales_quest	Title_loc4	41324	Novice In A Barren Land	荒芜暗雷新	荒芜之地的新手		
locales_quest.sql	locales_quest	Title_loc4	41325	An Echo From Beyond	跨越之门之回响	彼岸的回响		
locales_quest.sql	locales_quest	Title_loc4	41339	Shadowed Spectre	阴影笼罩的鬼魂	幽影		
locales_quest.sql	locales_quest	Title_loc4	41341	Tethered Memories	被束缚的哀思	萦绕的回忆		
locales_quest.sql	locales_quest	Title_loc4	41344	Comically Large Candle	滑稽的大型蜡烛	大得滑稽的蜡烛		
locales_quest.sql	locales_quest	Title_loc4	41345	Altar of an Ancient Evil	古老邪恶祭坛	上古邪物的祭坛		
locales_quest.sql	locales_quest	Title_loc4	41346	A Mossy Mystery	生苔的神秘	苔藓之谜		
locales_quest.sql	locales_quest	Title_loc4	41347	Lost In Time	时间之迷失	迷失时光		
locales_quest.sql	locales_quest	Title_loc4	41348	Earlwake No More	伯爵守夜无更多的	再无厄尔威克		
locales_quest.sql	locales_quest	Title_loc4	41349	The Loss At Lordaeron	洛丹伦之损失	洛丹伦的损失		
locales_quest.sql	locales_quest	Title_loc4	41350	The Sword Master	剑类大师	剑术大师		
locales_quest.sql	locales_quest	Title_loc4	41351	Death In One Strike	一打击死亡	一击毙命		
locales_quest.sql	locales_quest	Title_loc4	41355	And Lost to the Stars	群星之迷失	迷失于群星		
locales_quest.sql	locales_quest	Title_loc4	41356	Asleep Under Snow	雪之沉睡	雪下长眠		
locales_quest.sql	locales_quest	Title_loc4	41357	The Enemy Lays	敌人静卧	敌人潜伏		
locales_quest.sql	locales_quest	Title_loc4	41359	Through a Glimmering Light	贯穿微光轻型	穿过微光		
locales_quest.sql	locales_quest	Title_loc4	41360	Warm is the Day	温暖的焰使你的日间交易	温暖的日子		
locales_quest.sql	locales_quest	Title_loc4	41361	Gleaming Blood	微光血	闪耀之血		
locales_quest.sql	locales_quest	Title_loc4	41362	To Cut A Heart	切割心	剖心		
locales_quest.sql	locales_quest	Title_loc4	41363	Rampant Weeds	猛烈生长杂草	蔓生的杂草		
locales_quest.sql	locales_quest	Title_loc4	41364	To Guard the Undead	卫兵亡灵	守护亡者		
locales_quest.sql	locales_quest	Title_loc4	41367	Against the Kolkar Dream	纳迦之战科卡尔梦境	抵抗科卡尔之梦		
locales_quest.sql	locales_quest	Title_loc4	41368	Reminiscent of Steel	钢铁之追忆	钢铁的追忆		
locales_quest.sql	locales_quest	Title_loc4	41369	The Scepter Rod of Medivh	麦迪文之节杖魔棒	麦迪文之杖		
locales_quest.sql	locales_quest	Title_loc4	41371	The Otherwordly Scepter of Medivh	麦迪文之异界的节杖	麦迪文的异界之杖		
locales_quest.sql	locales_quest	Title_loc4	41373	A Chefs Majesty	厨师威严	厨师的威严		
locales_quest.sql	locales_quest	Title_loc4	41376	Wrapping Warpwood	条纹包装扭木茧	包裹扭木		
locales_quest.sql	locales_quest	Title_loc4	41385	Gilnean Pricolich	吉尔尼斯普里科利奇	吉尔尼斯普里科利希		
locales_quest.sql	locales_quest	Title_loc4	41387	Iron Determination	铁信念	钢铁般的决心		
locales_quest.sql	locales_quest	Title_loc4	41388	Wisdom From Failure	失败之智慧	失败中的智慧		
locales_quest.sql	locales_quest	Title_loc4	41389	Proof	证明	证据		
locales_quest.sql	locales_quest	Title_loc4	41390	Drones In Westfall	西部荒野之雄蝎	西部荒野的雄蜂		
locales_quest.sql	locales_quest	Title_loc4	41391	Venture Delivery	风险投资便携短	风险投资公司的货件		
locales_quest.sql	locales_quest	Title_loc4	41393	The Strength To Move Mountains	行动山脉力量	移山之力		
locales_quest.sql	locales_quest	Title_loc4	41396	Woven Dreams	机织布梦	编织的梦境		
locales_quest.sql	locales_quest	Title_loc4	41397	The Eternal Sleeper	永恒沉睡者	永恒的沉眠者		
locales_quest.sql	locales_quest	Title_loc4	41398	Under The Vibrant Moonlight	活力月光	在明媚月光下		
locales_quest.sql	locales_quest	Title_loc4	41399	Ring of the Dreamwalker	梦游者之戒	梦游者指环		
locales_quest.sql	locales_quest	Title_loc4	41400	Stormrage Head	怒风头颅	怒风头饰		
locales_quest.sql	locales_quest	Title_loc4	41404	Stormrage Hands	怒风手	怒风手套		
locales_quest.sql	locales_quest	Title_loc4	41405	Stormrage Waist	怒风腰部	怒风腰带		
locales_quest.sql	locales_quest	Title_loc4	41406	Stormrage Legs	怒风护腿	怒风腿甲		
locales_quest.sql	locales_quest	Title_loc4	41407	Stormrage Boots	怒风长靴	怒风战靴		
locales_quest.sql	locales_quest	Title_loc4	41408	Cenarion Head	塞纳里奥头颅	塞纳里奥头饰		
locales_quest.sql	locales_quest	Title_loc4	41412	Cenarion Hands	塞纳里奥手	塞纳里奥手套		
locales_quest.sql	locales_quest	Title_loc4	41413	Cenarion Waist	塞纳里奥腰部	塞纳里奥腰带		
locales_quest.sql	locales_quest	Title_loc4	41414	Cenarion Legs	塞纳里奥护腿	塞纳里奥腿甲		
locales_quest.sql	locales_quest	Title_loc4	41415	Cenarion Boots	塞纳里奥长靴	塞纳里奥战靴		
locales_quest.sql	locales_quest	Title_loc4	41417	Nemesis Head	复仇头颅	复仇头饰		
locales_quest.sql	locales_quest	Title_loc4	41423	Nemesis Legs	复仇护腿	复仇腿甲		
locales_quest.sql	locales_quest	Title_loc4	41425	Felheart Head	魔心头颅	恶魔之心头饰		
locales_quest.sql	locales_quest	Title_loc4	41426	Felheart Shoulders	魔心护肩	恶魔之心护肩		
locales_quest.sql	locales_quest	Title_loc4	41427	Felheart Chest	魔心胸甲	恶魔之心胸甲		
locales_quest.sql	locales_quest	Title_loc4	41428	Felheart Wrists	魔心护腕	恶魔之心护腕		
locales_quest.sql	locales_quest	Title_loc4	41429	Felheart Hands	魔心手	恶魔之心手套		
locales_quest.sql	locales_quest	Title_loc4	41431	Felheart Legs	魔心护腿	恶魔之心腿甲		
locales_quest.sql	locales_quest	Title_loc4	41432	Felheart Boots	魔心长靴	恶魔之心战靴		
locales_quest.sql	locales_quest	Title_loc4	41433	Ring of the Dreadnaught	无畏之戒	无畏指环		
locales_quest.sql	locales_quest	Title_loc4	41434	Head of Wrath	愤怒之头颅	愤怒头饰		
locales_quest.sql	locales_quest	Title_loc4	41435	Shoulders of Wrath	愤怒之护肩	愤怒护肩		
locales_quest.sql	locales_quest	Title_loc4	41436	Chest of Wrath	愤怒之胸甲	愤怒胸甲		
locales_quest.sql	locales_quest	Title_loc4	41437	Wrists of Wrath	愤怒之护腕	愤怒护腕		
locales_quest.sql	locales_quest	Title_loc4	41438	Hands of Wrath	愤怒之手	愤怒手套		
locales_quest.sql	locales_quest	Title_loc4	41439	Waist of Wrath	愤怒之腰部	愤怒腰带		
locales_quest.sql	locales_quest	Title_loc4	41440	Legs of Wrath	愤怒之护腿	愤怒腿甲		
locales_quest.sql	locales_quest	Title_loc4	41441	Boots of Wrath	愤怒之长靴	愤怒战靴		
locales_quest.sql	locales_quest	Title_loc4	41442	Head of Might	力量之头颅	力量头饰		
locales_quest.sql	locales_quest	Title_loc4	41443	Shoulders of Might	力量之护肩	力量护肩		
locales_quest.sql	locales_quest	Title_loc4	41444	Chest of Might	力量之胸甲	力量胸甲		
locales_quest.sql	locales_quest	Title_loc4	41445	Wrists of Might	力量之护腕	力量护腕		
locales_quest.sql	locales_quest	Title_loc4	41446	Hands of Might	力量之手	力量手套		
locales_quest.sql	locales_quest	Title_loc4	41447	Waist of Might	力量之腰部	力量腰带		
locales_quest.sql	locales_quest	Title_loc4	41448	Legs of Might	力量之护腿	力量腿甲		
locales_quest.sql	locales_quest	Title_loc4	41449	Boots of Might	力量之长靴	力量战靴		
locales_quest.sql	locales_quest	Title_loc4	41450	Ring of Faith	信仰之戒	信仰指环		
locales_quest.sql	locales_quest	Title_loc4	41451	Head of Transcendence	超然之头颅	卓越头饰		
locales_quest.sql	locales_quest	Title_loc4	41452	Shoulders of Transcendence	超然之护肩	卓越护肩		
locales_quest.sql	locales_quest	Title_loc4	41453	Chest of Transcendence	超然之胸甲	卓越胸甲		
locales_quest.sql	locales_quest	Title_loc4	41454	Wrists of Transcendence	超然之护腕	卓越护腕		
locales_quest.sql	locales_quest	Title_loc4	41455	Hands of Transcendence	超然之手	卓越手套		
locales_quest.sql	locales_quest	Title_loc4	41456	Waist of Transcendence	超然之腰部	卓越腰带		
locales_quest.sql	locales_quest	Title_loc4	41457	Legs of Transcendence	超然之护腿	卓越腿甲		
locales_quest.sql	locales_quest	Title_loc4	41458	Boots of Transcendence	卓越长靴	卓越战靴		
locales_quest.sql	locales_quest	Title_loc4	41459	Head of Prophecy	预言之头颅	预言头饰		
locales_quest.sql	locales_quest	Title_loc4	41460	Shoulder of Prophecy	预言之肩	预言护肩		
locales_quest.sql	locales_quest	Title_loc4	41461	Chest of Prophecy	预言之胸甲	预言胸甲		
locales_quest.sql	locales_quest	Title_loc4	41462	Wrists of Prophecy	预言之护腕	预言护腕		
locales_quest.sql	locales_quest	Title_loc4	41463	Hands of Prophecy	预言之手	预言手套		
locales_quest.sql	locales_quest	Title_loc4	41464	Waist of Prophecy	预言之腰部	预言腰带		
locales_quest.sql	locales_quest	Title_loc4	41465	Legs of Prophecy	预言之护腿	预言腿甲		
locales_quest.sql	locales_quest	Title_loc4	41466	Boots of Prophecy	预言之靴	预言战靴		
locales_quest.sql	locales_quest	Title_loc4	41467	Frostfire Ring	霜火之戒	霜火指环		
locales_quest.sql	locales_quest	Title_loc4	41471	Netherwind Hands	灵风手	灵风手套		
locales_quest.sql	locales_quest	Title_loc4	41472	Netherwind Waist	灵风腰部	灵风腰带		
locales_quest.sql	locales_quest	Title_loc4	41473	Netherwind Legs	灵风护腿	灵风腿甲		
locales_quest.sql	locales_quest	Title_loc4	41474	Netherwind Feet	灵风脚部	灵风战靴		
locales_quest.sql	locales_quest	Title_loc4	41475	Netherwind Head	灵风头颅	灵风头饰		
locales_quest.sql	locales_quest	Title_loc4	41476	Arcanists Head	奥术师的头颅	奥术师头饰		
locales_quest.sql	locales_quest	Title_loc4	41477	Arcanists Shoulders	奥术师的护肩	奥术师护肩		
locales_quest.sql	locales_quest	Title_loc4	41478	Arcanists Chest	奥术师的胸甲	奥术师胸甲		
locales_quest.sql	locales_quest	Title_loc4	41479	Arcanists Wrists	奥术师的护腕	奥术师护腕		
locales_quest.sql	locales_quest	Title_loc4	41480	Arcanists Hands	奥术师的手	奥术师手套		
locales_quest.sql	locales_quest	Title_loc4	41481	Arcanists Waist	奥术师的腰部	奥术师腰带		
locales_quest.sql	locales_quest	Title_loc4	41482	Arcanists Legs	奥术师的护腿	奥术师腿甲		
locales_quest.sql	locales_quest	Title_loc4	41483	Arcanists Feet	奥术师的脚部	奥术师战靴		
locales_quest.sql	locales_quest	Title_loc4	41484	Ring of Redemption	救赎之戒	救赎指环		
locales_quest.sql	locales_quest	Title_loc4	41485	Judgements Head	审判的头颅	审判头饰		
locales_quest.sql	locales_quest	Title_loc4	41486	Judgements Shoulders	审判的护肩	审判护肩		
locales_quest.sql	locales_quest	Title_loc4	41487	Judgements Chest	审判的胸甲	审判胸甲		
locales_quest.sql	locales_quest	Title_loc4	41488	Judgements Wrists	审判的护腕	审判护腕		
locales_quest.sql	locales_quest	Title_loc4	41489	Judgements Hands	审判的手	审判手套		
locales_quest.sql	locales_quest	Title_loc4	41490	Judgements Waist	审判的腰部	审判腰带		
locales_quest.sql	locales_quest	Title_loc4	41491	Judgements Legs	审判的护腿	审判腿甲		
locales_quest.sql	locales_quest	Title_loc4	41492	Judgements Feet	审判的脚部	审判战靴		
locales_quest.sql	locales_quest	Title_loc4	41493	Lawbringers Head	秩序之源的头颅	秩序之源头饰		
locales_quest.sql	locales_quest	Title_loc4	41494	Lawbringers Shoulders	秩序之源的护肩	秩序之源护肩		
locales_quest.sql	locales_quest	Title_loc4	41495	Lawbringers Chest	秩序之源的胸甲	秩序之源胸甲		
locales_quest.sql	locales_quest	Title_loc4	41496	Lawbringers Wrists	秩序之源的护腕	秩序之源护腕		
locales_quest.sql	locales_quest	Title_loc4	41497	Lawbringers Hands	秩序之源的手	秩序之源手套		
locales_quest.sql	locales_quest	Title_loc4	41498	Lawbringers Waist	秩序之源的腰部	秩序之源腰带		
locales_quest.sql	locales_quest	Title_loc4	41499	Lawbringers Legs	秩序之源的护腿	秩序之源腿甲		
locales_quest.sql	locales_quest	Title_loc4	41500	Lawbringers Feet	秩序之源的脚部	秩序之源战靴		
locales_quest.sql	locales_quest	Title_loc4	41501	Head of Ten Storms	无尽风暴头颅	无尽风暴头饰		
locales_quest.sql	locales_quest	Title_loc4	41505	Hands of Ten Storms	无尽风暴手	无尽风暴手套		
locales_quest.sql	locales_quest	Title_loc4	41506	Waist of Ten Storms	无尽风暴腰部	无尽风暴腰带		
locales_quest.sql	locales_quest	Title_loc4	41507	Legs of Ten Storms	无尽风暴护腿	无尽风暴腿甲		
locales_quest.sql	locales_quest	Title_loc4	41508	Boots of Ten Storms	无尽风暴长靴	无尽风暴战靴		
locales_quest.sql	locales_quest	Title_loc4	41509	Earthfury Head	大地之怒头颅	大地之怒头饰		
locales_quest.sql	locales_quest	Title_loc4	41510	Earthfury Shoulder	大地之怒肩	大地之怒护肩		
locales_quest.sql	locales_quest	Title_loc4	41513	Earthfury Hands	大地之怒手	大地之怒手套		
locales_quest.sql	locales_quest	Title_loc4	41514	Earthfury Waist	大地之怒腰部	大地之怒腰带		
locales_quest.sql	locales_quest	Title_loc4	41515	Earthfury Legs	大地之怒护腿	大地之怒腿甲		
locales_quest.sql	locales_quest	Title_loc4	41516	Earthfury Boots	大地之怒长靴	大地之怒战靴		
locales_quest.sql	locales_quest	Title_loc4	41517	Ring of the Earthshatterer	碎地者之戒	碎地者指环		
locales_quest.sql	locales_quest	Title_loc4	41521	Mastery of Thrown	投掷精通	投掷武器精通		
locales_quest.sql	locales_quest	Title_loc4	41523	Throwing Axes of the Amani	阿曼尼箱之投掷斧	阿曼尼投掷斧		
locales_quest.sql	locales_quest	Title_loc4	41526	Blackrock Powder	黑石火药粉	黑石火药		
locales_quest.sql	locales_quest	Title_loc4	41527	Mastery of Crossbows	弩类精通	弩精通		
locales_quest.sql	locales_quest	Title_loc4	41529	A Crimson Stake Through Their Heart	深红树桩贯穿他们的心	以赤红木桩穿其心		
locales_quest.sql	locales_quest	Title_loc4	41530	Mastery of Bows	弓箭精通	弓精通		
locales_quest.sql	locales_quest	Title_loc4	41532	The Bow of Oaks	橡树之弓	橡木之弓		
locales_quest.sql	locales_quest	Title_loc4	41533	Mastery of Polearms	长柄精通	长柄武器精通		
locales_quest.sql	locales_quest	Title_loc4	41535	Appreciated in Time	时间之感激	及时赏识		
locales_quest.sql	locales_quest	Title_loc4	41536	Mastery of Swords	剑类精通	剑精通		
locales_quest.sql	locales_quest	Title_loc4	41538	Mourning Blade	哀悼剑刃	哀悼之刃		
locales_quest.sql	locales_quest	Title_loc4	41539	Mastery of Hammers	锤类精通	锤精通		
locales_quest.sql	locales_quest	Title_loc4	41542	Mastery of Axes	斧类精通	斧精通		
locales_quest.sql	locales_quest	Title_loc4	41544	Honoring the Warrior	缅怀战士	悼念战士		
locales_quest.sql	locales_quest	Title_loc4	41547	Legend of Eskhandar	艾斯卡达尔传说	艾斯卡达尔的传说		
locales_quest.sql	locales_quest	Title_loc4	41550	The Ripper	开膛手	开膛者		
locales_quest.sql	locales_quest	Title_loc4	41551	Pupil Once More	门生又一次更多的	再为学徒		
locales_quest.sql	locales_quest	Title_loc4	41578	Helm of the Talon	爪之头盔	利爪头盔		
locales_quest.sql	locales_quest	Title_loc4	41579	Shoulderguards of the Talon	爪之护肩	利爪护肩		
locales_quest.sql	locales_quest	Title_loc4	41580	Robes of the Talon	爪之长袍	利爪长袍		
locales_quest.sql	locales_quest	Title_loc4	41581	Pants of the Talon	爪之短裤	利爪腿甲		
locales_quest.sql	locales_quest	Title_loc4	41582	Boots of the Talon	爪之长靴	利爪战靴		
locales_quest.sql	locales_quest	Title_loc4	41583	Amulet of the Talon	爪之护符	利爪护符		
locales_quest.sql	locales_quest	Title_loc4	41587	Nathrezim Pants	纳斯雷兹姆短裤	纳斯雷兹姆腿甲		
locales_quest.sql	locales_quest	Title_loc4	41588	Nathrezim Boots	纳斯雷兹姆长靴	纳斯雷兹姆战靴		
locales_quest.sql	locales_quest	Title_loc4	41590	Helm of the Brotherhood	兄弟会之头盔	兄弟会头盔		
locales_quest.sql	locales_quest	Title_loc4	41591	Shoulderguards of the Brotherhood	兄弟会之护肩	兄弟会护肩		
locales_quest.sql	locales_quest	Title_loc4	41592	Chest of the Brotherhood	兄弟会之胸甲	兄弟会胸甲		
locales_quest.sql	locales_quest	Title_loc4	41593	Pants of the Brotherhood	兄弟会之短裤	兄弟会腿甲		
locales_quest.sql	locales_quest	Title_loc4	41594	Boots of the Brotherhood	兄弟会之长靴	兄弟会战靴		
locales_quest.sql	locales_quest	Title_loc4	41595	Amulet of the Brotherhood	兄弟会之护符	兄弟会护符		
locales_quest.sql	locales_quest	Title_loc4	41596	Helm of Pestilence	瘟疫之头盔	瘟疫头盔		
locales_quest.sql	locales_quest	Title_loc4	41597	Shoulderguards of Pestilence	瘟疫之护肩	瘟疫护肩		
locales_quest.sql	locales_quest	Title_loc4	41598	Robes of Pestilence	瘟疫之长袍	瘟疫长袍		
locales_quest.sql	locales_quest	Title_loc4	41599	Pants of Pestilence	瘟疫之短裤	瘟疫腿甲		
locales_quest.sql	locales_quest	Title_loc4	41600	Boots of Pestilence	瘟疫之长靴	瘟疫战靴		
locales_quest.sql	locales_quest	Title_loc4	41601	Amulet of Pestilence	瘟疫之护符	瘟疫护符		
locales_quest.sql	locales_quest	Title_loc4	41602	Trickster Helm	欺诈者头盔	狡诈头盔		
locales_quest.sql	locales_quest	Title_loc4	41603	Trickster Shoulderguards	欺诈者护肩	狡诈护肩		
locales_quest.sql	locales_quest	Title_loc4	41604	Trickster Chest	欺诈者胸甲	狡诈胸甲		
locales_quest.sql	locales_quest	Title_loc4	41605	Trickster Pants	欺诈者短裤	狡诈腿甲		
locales_quest.sql	locales_quest	Title_loc4	41606	Trickster Boots	欺诈者长靴	狡诈战靴		
locales_quest.sql	locales_quest	Title_loc4	41607	Trickster Amulet	欺诈者护符	狡诈护符		
locales_quest.sql	locales_quest	Title_loc4	41611	Ravenstalker Legs	猎鸦者护腿	猎鸦者腿甲		
locales_quest.sql	locales_quest	Title_loc4	41612	Ravenstalker Boots	猎鸦者长靴	猎鸦者战靴		
locales_quest.sql	locales_quest	Title_loc4	41618	Stormhowl Boots	风暴咆哮长靴	风暴咆哮战靴		
locales_quest.sql	locales_quest	Title_loc4	41620	Helm of the Guardian	守护者之头盔	守护者头盔		
locales_quest.sql	locales_quest	Title_loc4	41621	Shoulders of the Guardian	守护者之护肩	守护者护肩		
locales_quest.sql	locales_quest	Title_loc4	41622	Robes of the Guardian	守护者之长袍	守护者长袍		
locales_quest.sql	locales_quest	Title_loc4	41623	Legs of the Guardian	守护者之护腿	守护者腿甲		
locales_quest.sql	locales_quest	Title_loc4	41624	Boots of the Guardian	守护者之长靴	守护者战靴		
locales_quest.sql	locales_quest	Title_loc4	41625	Amulet of the Guardian	守护者之护符	守护者护符		
locales_quest.sql	locales_quest	Title_loc4	41629	Lionheart Legs	狮心护腿	狮心腿甲		
locales_quest.sql	locales_quest	Title_loc4	41630	Lionheart Boots	狮心长靴	狮心战靴		
locales_quest.sql	locales_quest	Title_loc4	41633	Bonescythe Ring	骨镰之戒	骨镰指环		
locales_quest.sql	locales_quest	Title_loc4	41635	Chopping Defias	砍伐迪菲亚	痛击迪菲亚		
locales_quest.sql	locales_quest	Title_loc4	41637	School Assistance	群帮助	学院的援手		
locales_quest.sql	locales_quest	Title_loc4	41640	Restless	不安的	不得安宁		
locales_quest.sql	locales_quest	Title_loc4	41641	Gone With The Wind	风之消失	随风而逝		
locales_quest.sql	locales_quest	Title_loc4	41646	Covering All Possibilities	覆盖全无限未来	有备无患		
locales_quest.sql	locales_quest	Title_loc4	41656	Bounty on Dragonmaw	龙喉之赏金	悬赏：龙喉		
locales_quest.sql	locales_quest	Title_loc4	41658	Destruction of the Dragonmaw	龙喉之毁灭	消灭龙喉		
locales_quest.sql	locales_quest	Title_loc4	41659	The SalGalaz Mines	塞尔加拉兹矿井	萨尔加拉兹矿场		
locales_quest.sql	locales_quest	Title_loc4	41660	Shadowforge Incursions	暗炉入侵	暗炉城的进犯		
locales_quest.sql	locales_quest	Title_loc4	41661	Amberpaw Bounty	琥珀爪赏金	悬赏：琥珀爪		
locales_quest.sql	locales_quest	Title_loc4	41665	In Amber Disgust	在琥珀厌恶	琥珀色的厌恶		
locales_quest.sql	locales_quest	Title_loc4	41667	In Need of Shoes	鞋之在需求	需要鞋子		
locales_quest.sql	locales_quest	Title_loc4	41671	Remember the Dead	铭记奥特复活死者	铭记亡者		
locales_quest.sql	locales_quest	Title_loc4	41672	Amberfin Bounty	琥珀鳍赏金	悬赏：琥珀鳍		
locales_quest.sql	locales_quest	Title_loc4	41674	Wine Avenger	酒复仇者	葡萄酒复仇者		
locales_quest.sql	locales_quest	Title_loc4	41678	An Amber Light	琥珀轻型	琥珀色的光		
locales_quest.sql	locales_quest	Title_loc4	41679	Charred Bones	焦黑骸骨	焦黑的骸骨		
locales_quest.sql	locales_quest	Title_loc4	41684	Shadows Vision	暗影心灵视界	暗影视界		
locales_quest.sql	locales_quest	Title_loc4	41685	A Veiled Threat	笼罩阴影威胁	隐晦的威胁		
locales_quest.sql	locales_quest	Title_loc4	41686	Into The Tortured Past	进入被折磨的往日的	走进饱受折磨的往昔		
locales_quest.sql	locales_quest	Title_loc4	41688	To Look A Gift Horse In The Mouth	老礼物马口齿	馈赠莫挑剔		
locales_quest.sql	locales_quest	Title_loc4	41689	A Good Samaritan	好善人	好心人		
locales_quest.sql	locales_quest	Title_loc4	41693	The Last Lines	最后的切断线	最后的遗言		
locales_quest.sql	locales_quest	Title_loc4	41695	Noppsy Spickerspan	诺普西刺距	诺普西·刺距	skip	仅标点/空白/间隔号差异
locales_quest.sql	locales_quest	Title_loc4	41697	Demons Galore	恶魔丰盛	恶魔遍地		
locales_quest.sql	locales_quest	Title_loc4	41699	Harrowing News	痛心疾首的消息	痛心的消息		
locales_quest.sql	locales_quest	Title_loc4	41702	Tide-ying Up	潮汐唤醒	收拾潮水		
locales_quest.sql	locales_quest	Title_loc4	41703	Favor For Spare Parts	箱车零件神恩	以零件换人情		
locales_quest.sql	locales_quest	Title_loc4	41706	Foul Essences	邪恶的精华	污秽精华		
locales_quest.sql	locales_quest	Title_loc4	41707	Fungal Fever	菌类热病	真菌热		
locales_quest.sql	locales_quest	Title_loc4	41711	Calming The Tempest	平静暴雨	平息风暴		
locales_quest.sql	locales_quest	Title_loc4	41712	Letter Far From Home	家之信件术	远方家书		
locales_quest.sql	locales_quest	Title_loc4	41715	Again Into the Great Ossuary	重回尸骨储藏所	再入大骨库		
locales_quest.sql	locales_quest	Title_loc4	41717	The Dragonmaw Threat	龙喉威胁	龙喉的威胁		
locales_quest.sql	locales_quest	Title_loc4	41718	The Dragonmaw Orders	龙喉计划书	龙喉的指令		
locales_quest.sql	locales_quest	Title_loc4	41720	Stolgaz Documents	斯托尔加兹文件	斯托尔加兹的文件		
locales_quest.sql	locales_quest	Title_loc4	41722	Shatterblade Stew	裂刃炖	裂刃炖菜		
locales_quest.sql	locales_quest	Title_loc4	41723	Bounty on Wild Maw	野生巨口赏金	悬赏：荒野巨口		
locales_quest.sql	locales_quest	Title_loc4	41725	Dark Iron Components	黑铁零件	黑铁部件		
locales_quest.sql	locales_quest	Title_loc4	41730	The Power of Uthokk	乌索克之力量	乌瑟克之力		
locales_quest.sql	locales_quest	Title_loc4	41731	The Ritual of Uthokk	乌索克之仪式	乌瑟克的仪式		
locales_quest.sql	locales_quest	Title_loc4	41738	Yortheggs Ritual	约尔塞格的仪式	约尔瑟格的仪式		
locales_quest.sql	locales_quest	Title_loc4	41745	The Power of the Goddess	月神之力量	女神之力		
locales_quest.sql	locales_quest	Title_loc4	41748	The Master and the Student	大师学员	师徒		
locales_quest.sql	locales_quest	Title_loc4	41749	Stone Golem Salvage	石傀儡和珠宝	石傀儡的残骸		
locales_quest.sql	locales_quest	Title_loc4	41750	Gowlfangs Defeat	高牙的击败	击败孤峰		
locales_quest.sql	locales_quest	Title_loc4	41751	The Dragonmaw Brood	龙喉雏龙之语	龙喉的幼崽		
locales_quest.sql	locales_quest	Title_loc4	41753	A Blaze Unending	光辉不灭	不灭之焰		
locales_quest.sql	locales_quest	Title_loc4	41754	The Redbrand Lie	红印谎言	红印的谎言		
locales_quest.sql	locales_quest	Title_loc4	41755	The Redbrand Lie	红印谎言	红印的谎言		
locales_quest.sql	locales_quest	Title_loc4	41758	Tainted Brambleheart	污染荆棘之心	污染的荆棘之心		
locales_quest.sql	locales_quest	Title_loc4	41760	Skull And Bones	颅骨骸骨	颅骨与骸骨		
locales_quest.sql	locales_quest	Title_loc4	41768	The Messenger Of Northwind	北风之信使	北风的信使		
locales_quest.sql	locales_quest	Title_loc4	41774	Pedestal of Unity	团结之底座	团结之基		
locales_quest.sql	locales_quest	Title_loc4	41788	Ursan Heights	乌萨高地	熊怪高地		
locales_quest.sql	locales_quest	Title_loc4	41790	Reclaiming the Moonwell	夺回焦炭月亮井哨	夺回月亮井		
locales_quest.sql	locales_quest	Title_loc4	41793	Scars of the Past	过去的SCARMS	往日的伤痕		
locales_quest.sql	locales_quest	Title_loc4	41794	The Storms of Balor	巴罗之风暴	巴洛的风暴		
locales_quest.sql	locales_quest	Title_loc4	41795	A Unknown Letter	未知信件	一封陌生的信		
locales_quest.sql	locales_quest	Title_loc4	41797	A Dear Friend	亲爱的朋友	一位挚友		
locales_quest.sql	locales_quest	Title_loc4	41800	The Grim Hollow	冷酷谷	阴森谷		
locales_quest.sql	locales_quest	Title_loc4	41801	The Blue Dragonkin	蓝色龙类	蓝色龙裔		
locales_quest.sql	locales_quest	Title_loc4	41802	Tomb of Ancestors	先祖之墓穴	先祖之墓		
locales_quest.sql	locales_quest	Title_loc4	41804	Memories of Dark Iron	黑铁哀思	黑铁的记忆		
locales_quest.sql	locales_quest	Title_loc4	41808	The Destroyer of Skardyn	斯卡丁之毁灭者	斯卡丁的毁灭者		
locales_quest.sql	locales_quest	Title_loc4	41810	Verdant Rune	绿色符文	翠绿符文		
locales_quest.sql	locales_quest	Title_loc4	41816	The First of Many	众多之第一	众多中的第一个		
locales_quest.sql	locales_quest	Title_loc4	41819	A Dark Tide Will Rise	黑暗潮意志高地	黑暗之潮将起		
locales_quest.sql	locales_quest	Title_loc4	41821	Innocence Lost	无辜迷失	逝去的纯真		
locales_quest.sql	locales_quest	Title_loc4	41823	Living Fungus	活性蘑菇	活体真菌		
locales_quest.sql	locales_quest	Title_loc4	41827	Old Friend	旧朋友	老朋友		
locales_quest.sql	locales_quest	Title_loc4	41828	Bugs on My Island	我的岛屿虫子	我岛上的虫子		
locales_quest.sql	locales_quest	Title_loc4	41829	Eyes of Stormreaver	风暴掠夺者之双眼	风暴掠夺者之眼		
locales_quest.sql	locales_quest	Title_loc4	41830	Deep in the Mines	矿场之深渊	矿洞深处		
locales_quest.sql	locales_quest	Title_loc4	41833	It Cant Rain All the Time	它不能施放雨全时间	雨不会一直下		
locales_quest.sql	locales_quest	Title_loc4	41836	Lady Who?	雷蒂何人？	哪位女士？		
locales_quest.sql	locales_quest	Title_loc4	41843	Assassin In Training	训练之刺客	受训的刺客		
locales_quest.sql	locales_quest	Title_loc4	41845	The Will of Balor	巴罗之意志	巴洛的意志		
locales_quest.sql	locales_quest	Title_loc4	41848	To Cure the Withered	术枯萎	治愈枯萎者		
locales_quest.sql	locales_quest	Title_loc4	41849	To Cure the Withered	术枯萎	治愈枯萎者		
locales_quest.sql	locales_quest	Title_loc4	41850	The Gemstone of Naraz	纳拉兹之宝石	纳拉兹的宝石		
locales_quest.sql	locales_quest	Title_loc4	41851	The Gemstone of Naraz	纳拉兹之宝石	纳拉兹的宝石		
locales_quest.sql	locales_quest	Title_loc4	41857	Miregill Distraction	沼鳃干扰	沼鳃的骚扰		
locales_quest.sql	locales_quest	Title_loc4	41859	After All This Time	阵亡后全这个时间	时隔多年		
locales_quest.sql	locales_quest	Title_loc4	41866	Assault on Gethkar	盖斯卡尔之突袭	突袭盖斯卡尔		
locales_quest.sql	locales_quest	Title_loc4	41867	Blemishes on the Land	暗雷之瑕疵	大地上的污痕		
locales_quest.sql	locales_quest	Title_loc4	41868	Shadow Curse	黑影诅咒	暗影诅咒		
locales_quest.sql	locales_quest	Title_loc4	41869	Death to Grimscale	铜鳞之死亡	格里姆斯凯尔必须死		
locales_quest.sql	locales_quest	Title_loc4	41870	Grimscale Revenge	铜鳞复仇	格里姆斯凯尔的复仇		
locales_quest.sql	locales_quest	Title_loc4	41871	Preparations for War	战争之准备	备战		
locales_quest.sql	locales_quest	Title_loc4	41872	Provisions for War	战争之补给品	战备补给		
locales_quest.sql	locales_quest	Title_loc4	41876	Ore Must Flow	矿石除掉喷涌	矿石不能停		
locales_quest.sql	locales_quest	Title_loc4	41877	Ore Must Flow	矿石除掉喷涌	矿石不能停		
locales_quest.sql	locales_quest	Title_loc4	41878	Ore Must Flow	矿石除掉喷涌	矿石不能停		
locales_quest.sql	locales_quest	Title_loc4	41879	Crystal Clear Impression	水晶透明印象	一目了然		
locales_quest.sql	locales_quest	Title_loc4	41881	Brangars Folly	布兰加之愚	布兰加的愚行		
locales_quest.sql	locales_quest	Title_loc4	41884	Destruction of the Dragonmaw	龙喉之毁灭	消灭龙喉		
locales_quest.sql	locales_quest	Title_loc4	41886	Creeping Trouble	慢性苦毒药港口麻烦	蔓延的麻烦		
locales_quest.sql	locales_quest	Title_loc4	41887	The Recipe of Concoction of the Emerald Mongoose	调和物翡翠猫鼬配方	翡翠猫鼬药剂配方		
locales_quest.sql	locales_quest	Title_loc4	41888	Call to Arms: Cleansing the Corruption	武器之使用召唤：净化烈焰腐蚀术	应召而战：净化腐蚀		
locales_quest.sql	locales_quest	Title_loc4	41889	Call to Arms: Molten Assault	武器之使用召唤：熔岩突袭	应召而战：熔岩突袭		
locales_quest.sql	locales_quest	Title_loc4	41890	Call to Arms: Dungeon Delving	武器之使用召唤：地下城探索	应召而战：深入地下城		
locales_quest.sql	locales_quest	Title_loc4	41891	Call to Arms: Cleansing the Corruption	武器之使用召唤：净化烈焰腐蚀术	应召而战：净化腐蚀		
locales_quest.sql	locales_quest	Title_loc4	41892	Call to Arms: Molten Assault	武器之使用召唤：熔岩突袭	应召而战：熔岩突袭		
locales_quest.sql	locales_quest	Title_loc4	41893	The Ancient Wildhammer Tome	古老蛮锤秘典	古老的蛮锤秘典		
locales_quest.sql	locales_quest	Title_loc4	41896	The Shadowed Hollow	阴影笼罩的谷	幽影谷		
locales_quest.sql	locales_quest	Title_loc4	41897	Call to Arms: Dungeon Delving	武器之使用召唤：地下城探索	应召而战：深入地下城		
locales_quest.sql	locales_quest	Title_loc4	41898	Twisted Relations	扭曲关系	扭曲的关系		
locales_quest.sql	locales_quest	Title_loc4	41900	Sapta of Tranquility	宁静灵药	宁静灵契		
locales_quest.sql	locales_quest	Title_loc4	41901	Sapta of Communion	神性灵药	共心灵契		
locales_quest.sql	locales_quest	Title_loc4	41902	Sapta of Harmony	和谐灵药	和谐灵契		
locales_quest.sql	locales_quest	Title_loc4	41903	Sapta of Kinship	亲源灵药	亲缘灵契		
locales_quest.sql	locales_quest	Title_loc4	41904	Sapta of Reslilence	复原之萨普塔	坚韧灵契		
locales_quest.sql	locales_quest	Title_loc4	41905	Dark Iron Aggression	黑铁侵略	黑铁的进犯		
locales_quest.sql	locales_quest	Title_loc4	41906	No Mercy For The Wicked	邪恶之无仁慈	对恶徒绝不姑息		
locales_quest.sql	locales_quest	Title_loc4	41908	Raw Draenethyst Formation	新鲜的德莱尼水泛光	原生的德莱尼水晶矿脉		
locales_quest.sql	locales_quest	Title_loc4	41909	Glowing Draenethyst Cluster	发光的德莱尼水簇	发光的德莱尼水晶簇		
locales_quest.sql	locales_quest	Title_loc4	41910	Arlia of the Morogai	摩洛盖之阿里亚	摩洛盖的阿尔莉亚		
locales_quest.sql	locales_quest	Title_loc4	41911	Wolf in Sheeps Clothing	绵羊的衣物狼骑兵	披着羊皮的狼		
locales_quest.sql	locales_quest	Title_loc4	41913	Draenei Divination	德莱尼预言水晶球	德莱尼占卜		
locales_quest.sql	locales_quest	Title_loc4	41916	The Elders End	长者境之末	长者的末路		
locales_quest.sql	locales_quest	Title_loc4	41918	Silken Song	丝质森歌	丝歌		
locales_quest.sql	locales_quest	Title_loc4	41919	More Silk for the Wounded	受伤的更多的丝质	为伤员讨要更多丝绸		
locales_quest.sql	locales_quest	Title_loc4	41920	Fallen One Cargo	坠落者走的货物	坠落者的货物		
locales_quest.sql	locales_quest	Title_loc4	41922	Homecoming	孤的归来	归乡		
locales_quest.sql	locales_quest	Title_loc4	41930	Proof of Conviction	定罪之证明	信念的明证		
locales_quest.sql	locales_quest	Title_loc4	41931	The Corruption of Timbermaw Hold	木喉要塞腐蚀术	木喉要塞的腐化		
locales_quest.sql	locales_quest	Title_loc4	41932	Ancient Furbolg Remedies	古老熊怪疗法	古老的熊怪药方		
locales_quest.sql	locales_quest	Title_loc4	41933	Unbridled Darkness	放肆黑暗	无羁的黑暗		
locales_quest.sql	locales_quest	Title_loc4	41934	What Remains	什么遗骸	残留之物		
locales_quest.sql	locales_quest	Title_loc4	41942	The Plaguewood	病木林	瘟疫林		
locales_quest.sql	locales_quest	Title_loc4	41943	Foul Waters	邪恶的法袍	污浊之水		
locales_quest.sql	locales_quest	Title_loc4	41944	The Long Hunt	长狩猎	漫长的狩猎		
locales_quest.sql	locales_quest	Title_loc4	41946	Farm Raiders	农场掠夺者	农场劫掠者		
locales_quest.sql	locales_quest	Title_loc4	41952	Out of the Moonlight	月光之根除	走出月光		
locales_quest.sql	locales_quest	Title_loc4	41953	Draenethyst Recovery	德莱尼水恢复	夺回德莱尼水晶		
locales_quest.sql	locales_quest	Title_loc4	41956	Not Alone	夜未尽独自	并不孤单		
locales_quest.sql	locales_quest	Title_loc4	41957	The Root of it All	它全定身	万恶之源		
locales_quest.sql	locales_quest	Title_loc4	41959	The Flute of Spirits	灵魂之长笛	灵魂长笛		
locales_quest.sql	locales_quest	Title_loc4	41961	Hidden in Plain Sight	普通视界隐藏生物	藏于明处		
locales_quest.sql	locales_quest	Title_loc4	41963	Wisdom of Ten Thousand Years	恒古智慧	万年的智慧		
locales_quest.sql	locales_quest	Title_loc4	41965	Purging Flames	净化烈焰	涤罪之焰		
locales_quest.sql	locales_quest	Title_loc4	41967	The Need to Survive	生存之需求	求生的需要		
locales_quest.sql	locales_quest	Title_loc4	41969	Raiments of Ritual	仪式之法衣	仪式法衣		
locales_quest.sql	locales_quest	Title_loc4	41970	The Missing Caravans	浓于水商队	失踪的商队		
locales_quest.sql	locales_quest	Title_loc4	41972	Report to Moonhoof Village	月蹄村报告	向月蹄村汇报		
locales_quest.sql	locales_quest	Title_loc4	41975	Zalwans Cut	扎尔万的切割	扎尔万的伤口		
locales_quest.sql	locales_quest	Title_loc4	41976	In Search of Tauren Relics	牛头人遗物在寻找	寻找牛头人遗物		
locales_quest.sql	locales_quest	Title_loc4	41977	Relics of the Windhorn Tribe	风角部族遗物	风角部族的遗物		
locales_quest.sql	locales_quest	Title_loc4	41978	The Wrath of Malgan	马尔甘之愤怒	马尔甘之怒		
locales_quest.sql	locales_quest	Title_loc4	41979	Rumors of the Deathtotem	死亡图腾之地精的谣言	死亡图腾的传闻		
locales_quest.sql	locales_quest	Title_loc4	41980	Uncovering the Rumors	揭露地精的谣言	查证传闻		
locales_quest.sql	locales_quest	Title_loc4	41991	Preparation for Hibernation	休眠之伺机待发	为冬眠做准备		
locales_quest.sql	locales_quest	Title_loc4	41993	Hiding in the Shade	暗影之躲藏	藏身暗影		
locales_quest.sql	locales_quest	Title_loc4	41994	Shade Mother	暗影母亲	暗影之母		
locales_quest.sql	locales_quest	Title_loc4	41995	Mindless Monster	无脑的怪物	无智的怪物		
locales_quest.sql	locales_quest	Title_loc4	41997	Taste for Hydra	多头蛇之精华	多头蛇的滋味		
locales_quest.sql	locales_quest	Title_loc4	41998	Collecting Draenethyst	收集德莱尼水	收集德莱尼水晶		
locales_quest.sql	locales_quest	Title_loc4	41999	Before They Hatch	从前他们来自方孵卵	趁它们孵化之前		
locales_quest.sql	locales_quest	Title_loc4	42000	Highborne Burden	上层精灵重担	上层精灵的重担		
locales_quest.sql	locales_quest	Title_loc4	42006	Searching for Archaeologist Evenpike	考古学家匀矛寻找	寻找考古学家伊文派克		
locales_quest.sql	locales_quest	Title_loc4	42007	The Shattered Disc	碎裂圆盘	碎裂的圆盘		
locales_quest.sql	locales_quest	Title_loc4	42012	Actual Collector of Draenethyst	德莱尼水之实际的收集者	真正的德莱尼水晶收藏者		
locales_quest.sql	locales_quest	Title_loc4	42013	The Windhorn Burden	风角重担	风角的重担		
locales_quest.sql	locales_quest	Title_loc4	42014	Roots of the Grove	树林之根须	树林之根		
locales_quest.sql	locales_quest	Title_loc4	42015	Lady Stargazer	雷蒂星眼	星眼女士		
locales_quest.sql	locales_quest	Title_loc4	42016	In Lucid Dreams	在清醒的梦	清明梦中		
locales_quest.sql	locales_quest	Title_loc4	42017	Heart Full of Shadows	吞噬暗影之心完全成长	充满暗影的心		
locales_quest.sql	locales_quest	Title_loc4	42019	The Mighty Elekk	强力雷象	强壮的雷象		
locales_quest.sql	locales_quest	Title_loc4	42023	Guile of Nature	自然之狡诈	自然的狡黠		
locales_quest.sql	locales_quest	Title_loc4	42024	Burden of Nature	自然之重担	自然的重担		
locales_quest.sql	locales_quest	Title_loc4	42025	Embrace of Nature	自然之拥抱	自然的拥抱		
locales_quest.sql	locales_quest	Title_loc4	42026	Grasp of Nature	自然之握	自然的掌控		
locales_quest.sql	locales_quest	Title_loc4	42027	Vigor of Nature	自然之精力	自然的活力		
locales_quest.sql	locales_quest	Title_loc4	42028	Path of Nature	自然之道路	自然之道		
locales_quest.sql	locales_quest	Title_loc4	42031	Elementium Lock	元素锁具	源质锁具		
locales_quest.sql	locales_quest	Title_loc4	42032	Lock Blueprints: Crimson Friar Freidhelm	锁具钻探蓝图：深红修士弗雷德海姆	锁具蓝图：深红修士弗雷德海姆		
locales_quest.sql	locales_quest	Title_loc4	42033	Lock Blueprints: Sorcerer-Thane Thaurissan	锁具钻探蓝图：巫师领主索瑞森	锁具蓝图：巫师领主索瑞森		
locales_quest.sql	locales_quest	Title_loc4	42034	To Fit a Mold	返回店模具	适配模具		
locales_quest.sql	locales_quest	Title_loc4	42037	Airfield Supplies	机场补给品	机场补给		
locales_quest.sql	locales_quest	Title_loc4	42040	A Grave Misunderstanding!	严重的误会！	天大的误会！		
locales_quest.sql	locales_quest	Title_loc4	42041	To Survive in the Jungle	丛林之返回生存	在丛林中求生		
locales_quest.sql	locales_quest	Title_loc4	42044	A Plea for Help	帮助之恳求	求助的请托		
locales_quest.sql	locales_quest	Title_loc4	42045	Tainted Rune	污染符文	受污染的符文		
locales_quest.sql	locales_quest	Title_loc4	42046	Ritual Ready	仪式准备就绪	仪式就绪		
locales_quest.sql	locales_quest	Title_loc4	42049	In Need of Water	水之在需求	需要水		
locales_quest.sql	locales_quest	Title_loc4	42051	Bound in Stone	石之束缚	困于石中		
locales_quest.sql	locales_quest	Title_loc4	42052	In Blue Defiance	在蓝色挑衅	蓝色的抗争		
locales_quest.sql	locales_quest	Title_loc4	42055	In Favor of the Three Siblings	表面上有兄弟姐妹在神恩	三兄妹的嘱托		
locales_quest.sql	locales_quest	Title_loc4	42057	Light of Anshe	太阳神之光	安舍之光		
locales_quest.sql	locales_quest	Title_loc4	42058	Light of Anshe	太阳神之光	安舍之光		
locales_quest.sql	locales_quest	Title_loc4	42061	Sunsworn Expedition	逐日者远征队	誓日远征队		
locales_quest.sql	locales_quest	Title_loc4	42062	Endless Vigil	无尽堡垒	无尽的守望		
locales_quest.sql	locales_quest	Title_loc4	42063	Delivery from Talendris	塔伦德里斯之便携短	塔伦德里斯的货件		
locales_quest.sql	locales_quest	Title_loc4	42069	The Withered Den	枯萎守卫	枯萎者巢穴		
locales_quest.sql	locales_quest	Title_loc4	42072	Bloodhoof Stands with Moonhoof	月蹄之血蹄屹立	血蹄与月蹄同在		
locales_quest.sql	locales_quest	Title_loc4	42074	Seeking the Truth	寻找科尔真言	追寻真相		
locales_quest.sql	locales_quest	Title_loc4	42075	Price of Betrayal	的背叛之昂贵的	背叛的代价		
locales_quest.sql	locales_quest	Title_loc4	42076	Return to the Dream	梦境之返回	重返梦境		
locales_quest.sql	locales_quest	Title_loc4	42083	The Rod of Preservation	者之魔棒	守护之杖		
locales_quest.sql	locales_quest	Title_loc4	42084	A Tale of Scales	鳞片之故事	鳞片的故事		
locales_quest.sql	locales_quest	Title_loc4	42086	Echoes of Nendis	南迪斯之回响	南迪斯的回响		
locales_quest.sql	locales_quest	Title_loc4	42087	The Light of Elunaris	艾露娜瑞斯之轻型	艾露娜瑞斯之光		
locales_quest.sql	locales_quest	Title_loc4	42089	Scales of the Tideblade	潮刃之鳞片	潮刃之鳞		
locales_quest.sql	locales_quest	Title_loc4	42091	Word to the High Priestess	高阶女祭司话语	禀告高阶女祭司		
locales_quest.sql	locales_quest	Title_loc4	42093	Feathers on Point	点之羽毛	送往前哨的羽毛		
locales_quest.sql	locales_quest	Title_loc4	42097	Keeper of the Broken Grove	损坏的树林看守者	残破树林的看守者		
locales_quest.sql	locales_quest	Title_loc4	42098	The Thorn Gorge Frontier	荆棘峡谷边疆	荆棘峡谷边境		
locales_quest.sql	locales_quest	Title_loc4	42099	The Thorn Gorge Defense	荆棘峡谷防御	荆棘峡谷防线		
locales_quest.sql	locales_quest	Title_loc4	50310	Goblin Engineering At Its Finest!	地精工程，震撼人心！	地精工程的极致！		
locales_quest.sql	locales_quest	Title_loc4	50326	Grizzlore Wants Thunder	格里兹罗想要更多雷酒	格里兹罗想要雷霆麦酒		
locales_quest.sql	locales_quest	Title_loc4	50328	Jolly Holly Dances Prolly	跳支欢乐的舞	荷莉大概想跳舞		
locales_quest.sql	locales_quest	Title_loc4	55028	The "Hidden" Crew	“消失”的船员	“隐藏”的船员		
locales_quest.sql	locales_quest	Title_loc4	55043	The Brightwater Logs	亮水的航海日志	亮水号的航海日志		
locales_quest.sql	locales_quest	Title_loc4	80109	Zug-zug Or Somethin	Zug-zug或某某'	Zug-zug 之类的		
locales_quest_new_content_mt.sql	locales_quest	OfferRewardText_loc4	100	Thanks to you. Thanks to the shamans.	谢谢你，萨满。$B堕落已经褪去，然而生命依然衰弱，我们需要萨满的力量来保护所有的生灵。	多谢你，也多谢萨满们。		
locales_quest_new_content_mt.sql	locales_quest	OfferRewardText_loc4	755	Chief Hawkwind sent you? Embarking on the Rites of the Earthmother is no small task...	是鹰风酋长派你来的?大地之母祭仪可不是件小事……	鹰风酋长派你来的？大地母亲祭仪可不是件小事……		
locales_quest_new_content_mt.sql	locales_quest	OfferRewardText_loc4	773	You have shown great diligence in your yearning to pass the Rites of the Earthmother	你在通过大地之母祭仪的过程中已经显示了你的勤奋和努力，$N。$B我们是先祖之魂，我们代表了那些为保卫雷霆崖而付出生命的勇敢的牛头人。现在，我把保卫这里的神圣职责交给你。$B你已经通过了智慧祭仪，年轻的$C。你可以骄傲地走进雷霆崖了。	你在渴望通过大地母亲祭仪的过程中，展现出了十足的勤勉，$N。$B$B我们这些先祖之魂，代表着那些为建立并守护伟大雷霆崖而英勇献身的强大牛头人		
locales_quest_new_content_mt.sql	locales_quest	OfferRewardText_loc4	1789	Make haste	快点，$N，你的成功与否关系着不止一条人命。$B如果因为某些原因让你无法帮助杰生和亨兹，就赶快回来找我，我会再给你一个生命符记。$B别以为我的帮助仅仅是简单的恩惠，你必须证明自己具备和其它圣骑士一样的价值,在今后的日子里，你还会不断遇到挫折。	快点，$N，你若失败，等着救命的就不止一条人命。$B$B如果你没能帮上穆瑞顿和纳姆，就回来找我，我会再给你一个生命符记供旅途使用。$B$B别		
locales_quest_new_content_mt.sql	locales_quest	OfferRewardText_loc4	5638	I''m glad you''ve arrived	很高兴你来了，$N。我们有很多要谈的，但是最重要的是你在圣光之道上的修行情况。$B有些课程是所有圣光的追随者都需要学习的，如果你准备好了，我们现在就来讨论一些相关的内容吧。	很高兴你来了，$N。我们有很多事要谈，但更重要的是你在圣光之道上的修行。$B$B所有圣光的仆从都要学习一些课程。如果你准备好了，我们现在就来		
locales_quest_new_content_mt.sql	locales_quest	OfferRewardText_loc4	5647	You''ve got the makings of a great $C	你终于来了，很好，$N。我们的种族是光荣而又强大的，关于这一点，你不仅要自己清晰地认识到这一点，还应该让别人也有这样的感觉。你准备好了吗，$G小伙子:小姑娘;?	你有一名伟大$C的潜质，$N。继续保持！$B$B$N你已经证明自己可以上阵了。也许该教你点更多的东西了。		
locales_quest_new_content_mt.sql	locales_quest	OfferRewardText_loc4	5659	Ah	啊，好极了，又来了一个。时间对我来说不成问题，但是对你而言就至关重要了。你要学习的东西还很多，而我想传授给你的也很多。你必须证明自己的价值，以此来赢得丰厚的回报。	啊，好极了，又来了一个。时间对我或许无关紧要，可对你而言却至关重要。你要学的东西很多，我想教给你的也不少。你只需证明自己的价值。做到了，你就		
locales_quest_new_content_mt.sql	locales_quest	OfferRewardText_loc4	7462	You open the chest to find...	你打开了箱子，发现了……	你打开箱子，看见……		
locales_quest_new_content_mt.sql	locales_quest	OfferRewardText_loc4	8101	$R	$C，这块坠饰上镶嵌的卡亚罗之石来自南海的卡亚罗山脉。卡亚罗山脉地带分布着许多活火山，那里的地质地形不断发生剧烈的变动。$B随着你与赞达拉食人妖的关系日益密切，卡亚罗之石的力量也会增强。利用这块石头的力量打败我们的敌人吧。就像卡亚罗山脉那样:迅速、致命、富有爆炸力……	$R，这枚坠饰的框架里嵌着的石粒来自南海的卡亚罗山。卡亚罗山是一片极不稳定的区域——常有暴烈、往往还带着魔法力量的火山喷发。$B$B随着你与		
locales_quest_new_content_mt.sql	locales_quest	OfferRewardText_loc4	8110	See this here seaweed	看到这些海藻了吗?它们产自南海。我们往其中添加了一点魔精和魔法，它就成为一件非常有用的饰品。$B你是个德鲁伊，这对你来说相当容易。把它戴在你的脖子上，想像一下大自然、松鼠或是所有你们会喜欢的东西。	看到这些海藻了吗，老兄？它产自南海。我们只要加一点魔精和一点魔法，它就会具备最适合主人的属性。$B$B你是个$C，所以这很容易，老兄。只要把		
locales_quest_new_content_mt.sql	locales_quest	OfferRewardText_loc4	8383	You continue to honor the Alliance	你为联盟不断带来荣耀，$N。如果我们继续努力的话，部落迟早会被我们击垮的。	你继续为联盟带来荣耀，$N。只要我们不松懈，部落很快就会被击垮。		
locales_quest_new_content_mt.sql	locales_quest	OfferRewardText_loc4	8409	Ah	啊，你成功了!我要说的是，你展现了万鬼节的精神─被遗忘者的精神!$B<黑暗召唤者雅恩卡搓着手大笑着。>$B现在南海镇没有美味的麦芽酒喝了，我为此要庆祝一番!至于你，收下这些礼物。你会发现其中必定有有用的东西!	啊，成功了！你展现了真正的万鬼节精神——应该说，是被遗忘者的精神！$B$B<黑暗召唤者雅恩卡搓着手大笑。>$B$B南海镇现在只能喝劣酒，或者		
locales_quest_new_content_mt.sql	locales_quest	OfferRewardText_loc4	8678	Your spirit burns with life	你将获得：先祖硬币 将对你施放以下法术：强制鞠躬	你的灵魂燃烧着生机，年轻的$C。我接受你的敬意，并回赠你这枚信物……	live	英文/仓库侧含页面残留(完成/奖励)，live 是清理后的版本
locales_quest_new_content_mt.sql	locales_quest	OfferRewardText_loc4	8742	The Scepter of the Shifting Sands is whole once more	一千年过去了，正如命中注定的那样，一位勇士站在了我的面前。这位勇士将会带领他的人民走向新的纪元。$B上古之神在颤抖，$N。是的，它在你坚定的信念面前恐惧地颤抖着。打破克苏恩的预言吧。$B它知道你会到来的，勇士─它还知道卡林多的力量与你同在。当你做好准备之后，请通知我，我将把流沙权杖赐予你。	流沙节杖重归完整，$N。$B$B使用节杖的人必须是你。为你的族人开启下一个时代的人，也必须是你。$B$B你必须等部落与联盟的军队抵达希利苏斯		
locales_quest_new_content_mt.sql	locales_quest	OfferRewardText_loc4	8745	Greetings	你好，勇士。我是神圣之锣和青铜龙军团的永恒观察者，乔纳森。$B永恒之王授权我让你从他永恒的宝物箱里选择一样物品。愿它能在你对抗克苏恩的战役中帮助你。	你好，勇士。我是乔纳森，神圣之锣的看守者，也是青铜龙军团的永恒观察者。$B$B永恒之王亲自授予我权柄，让我从他永恒的宝库中挑选一件物品给你。		
locales_quest_new_content_mt.sql	locales_quest	OfferRewardText_loc4	8846	Well then	很好，这里是你要的补给品，$C。如果你还想要更多的话，请随时来找我，别客气。$B继续努力吧，$N。我们必须不惜一切代价地赢得这场战争。如果每个人都尽忠职守，那么胜利必将是我们的!	那么，就这么定了；这是你的补给，$C。如果你想再换一次，我也可以批准。只要你说一声，我就办到。$B$B继续好好干，$N。要打赢这场仗，我们得		
locales_quest_new_content_mt.sql	locales_quest	OfferRewardText_loc4	8850	Well then	很好，这里是你要的补给品，$C。如果你还想要更多的话，请随时来找我，别客气。$B继续努力吧，$N。我们必须不惜一切代价地赢得这场战争。如果每个人都尽忠职守，那么胜利必将是我们的!	那么，就这么定了；这是你的补给，$C。如果你想再换一次，我也可以批准。只要你说一声，我就办到。$B$B继续好好干，$N。要打赢这场仗，我们得		
locales_quest_new_content_mt.sql	locales_quest	OfferRewardText_loc4	8851	Well then	很好，这里是你要的补给品，$C。如果你还想要更多的话，请随时来找我，别客气。$B继续努力吧，$N。我们必须不惜一切代价地赢得这场战争。如果每个人都尽忠职守，那么胜利必将是我们的!	那么，就这么定了；这是你的补给，$C。如果你想再换一次，我也可以批准。只要你说一声，我就办到。$B$B继续好好干，$N。要打赢这场仗，我们得		
locales_quest_new_content_mt.sql	locales_quest	OfferRewardText_loc4	8993	Wonderful! Wonderful! I will add this to the pile of other gifts.$B$BI didn''t expect so many! You must truly love your leaders.$B$BNow	太好了!太好了!我会把这个跟其他礼物堆放在一起。$B我没想到会有这么多!你一定很爱你的领导者。$B现在，让我在清单上再加一笔……	太好了！太好了！我会把它加到其他礼物那一堆里去。$B$B没想到会有这么多！你一定是真心爱戴你的领袖。$B$B现在，让我再往总数里加上一个……		
locales_quest_new_content_mt.sql	locales_quest	OfferRewardText_loc4	9238	Here is your order	这是你要求的东西，$N。依约抵达!	这是你的订单，$N。如约送达！		
locales_quest_new_content_mt.sql	locales_quest	OfferRewardText_loc4	9257	The magnitude of this accomplishment must not be understated	这伟大的成就绝对不能就这样让它轻描淡写过去，$N。你完成了不可能的任务。哎，这是命中注定啊。法杖已经作出了自己的选择……	这伟大的成就绝对不能轻描淡写地过去，$N。你完成了大多数人认为不可能的事。唉，这是命中注定啊。法杖已经作出了自己的选择。		
locales_quest_new_content_mt.sql	locales_quest	OfferRewardText_loc4	9269	The magnitude of this accomplishment must not be understated	这伟大的成就绝对不能就这样让它轻描淡写过去，$N。你完成了不可能的任务。哎，这是命中注定啊。法杖已经作出了自己的选择……	这伟大的成就绝对不能轻描淡写地过去，$N。你完成了大多数人认为不可能的事。唉，这是命中注定啊。法杖已经作出了自己的选择。		
locales_quest_new_content_mt.sql	locales_quest	OfferRewardText_loc4	9270	The magnitude of this accomplishment must not be understated	这伟大的成就绝对不能就这样让它轻描淡写过去，$N。你完成了不可能的任务。哎，这是命中注定啊。法杖已经作出了自己的选择……	这伟大的成就绝对不能轻描淡写地过去，$N。你完成了大多数人认为不可能的事。唉，这是命中注定啊。法杖已经作出了自己的选择。		
locales_quest_new_content_mt.sql	locales_quest	OfferRewardText_loc4	9271	The magnitude of this accomplishment must not be understated	这伟大的成就绝对不能就这样让它轻描淡写过去，$N。你完成了不可能的任务。哎，这是命中注定啊。法杖已经作出了自己的选择……	这伟大的成就绝对不能轻描淡写地过去，$N。你完成了大多数人认为不可能的事。唉，这是命中注定啊。法杖已经作出了自己的选择。		
locales_quest_new_content_mt.sql	locales_quest	OfferRewardText_loc4	39977	Delightful! Such an aromatic fragrance… This tea must be one of a kind and especially flavorful. And I cannot wait for the fireworks to light up the sky in vibr	你将获得：冒险者幸运战袍 旅行者密封的宝箱	太令人欢喜了！好一股芬芳的香气……这茶一定独一无二，格外醇香。我已经等不及要看烟花再次以绚烂的光彩照亮夜空！$C，我永远感激你。为了你这份一	live	英文/仓库侧含页面残留(完成/奖励)，live 是清理后的版本
locales_quest_new_content_mt.sql	locales_quest	OfferRewardText_loc4	39978	What a spectacle! The light show that just unfolded in front of me was simply marvelous. You did great; an earnest thanks to you	你将获得：圣诞布袋 旅行者密封的宝箱	真是壮观的景象！方才在我眼前绽放的光影表演简直美妙绝伦。你做得太好了；我由衷地、发自内心地感谢你。你已经证明自己勤勉可靠，请接受这份祝福，愿	live	英文/仓库侧含页面残留(完成/奖励)，live 是清理后的版本
locales_quest_new_content_mt.sql	locales_quest	OfferRewardText_loc4	39979	What a spectacle! The light show that just unfolded in front of me was simply marvelous. You did great; an earnest thanks to you	你将获得：圣诞布袋 旅行者密封的宝箱	真是壮观的景象！方才在我眼前绽放的光影表演简直美妙绝伦。你做得太好了；我由衷地、发自内心地感谢你。你已经证明自己勤勉可靠，请接受这份祝福，愿	live	英文/仓库侧含页面残留(完成/奖励)，live 是清理后的版本
locales_quest_new_content_mt.sql	locales_quest	OfferRewardText_loc4	40945	I was expecting to feel some sort of relief	你将获得：瑞文伍德之盾 空心丝织裤	我本以为会有某种解脱感，可说实话，我什么感觉也没有。你帮了我一个大忙，为此我感激你。$B$B也许不久之后，我就能从前方那些黑暗的日子里找到慰	live	英文/仓库侧含页面残留(完成/奖励)，live 是清理后的版本
locales_quest_new_content_mt.sql	locales_quest	OfferRewardText_loc4	41333	<Thegren is examining the book with great interest. After a while he nods	你将获得：设计图：艾泽拉斯红玉	＜瑟格雷恩饶有兴致地研究着那本书。过了一会儿，他点点头，把书放在桌上，转向你。你本能地跪下，随即感到他皮肤粗糙的质地。一股知识涌入你的脑海—	live	英文/仓库侧含页面残留(完成/奖励)，live 是清理后的版本
locales_quest_new_content_mt.sql	locales_quest	OfferRewardText_loc4	41334	<Thegren is examining the book with great interest. After a while he nods	你将获得：设计图：惊艳帝王石	＜瑟格雷恩饶有兴致地研究着那本书。过了一会儿，他点点头，把书放在桌上，转向你。你本能地跪下，随即感到他皮肤粗糙的质地。一股知识涌入你的脑海—	live	英文/仓库侧含页面残留(完成/奖励)，live 是清理后的版本
locales_quest_new_content_mt.sql	locales_quest	OfferRewardText_loc4	41337	A peculiar tome	你将获得：设计图：蓝玉指环	不得不说，这是一本古怪的书。上面有一个古老的印记，我并不熟悉。真有意思……不管怎样，解读这本书对我而言不成问题。请稍等片刻，我会把从书页里能	live	英文/仓库侧含页面残留(完成/奖励)，live 是清理后的版本
locales_quest_new_content_mt.sql	locales_quest	OfferRewardText_loc4	41352	This ring... is from my aunt Tillia? No	你将获得：昂贵的金色指环	这枚戒指……是我姑姑蒂莉亚的？不，这……不可能。姑姑从不与人分离她的首饰，只有她最珍视的人才会被赠予。难道说……？就连我从她那里偷走了她最心	live	英文/仓库侧含页面残留(完成/奖励)，live 是清理后的版本
locales_quest_new_content_mt.sql	locales_quest	OfferRewardText_loc4	41395	<You place the three shards inside the empty spaces and after a short clicking noise	你将获得：赞之宝石	＜你把三块碎片放进那些空槽，随着一声轻响，下方弹开了一个盖子。里面是一颗普普通通的宝石。＞	live	英文/仓库侧含页面残留(完成/奖励)，live 是清理后的版本
locales_quest_new_content_mt.sql	locales_quest	OfferRewardText_loc4	41561	The Runn Tum Tubers! At last	你将获得：角牙特制酒杯	伦恩图姆块茎！终于，我这部杰作的最后一样配料。快，给我。$B$B＜哈尔托格把根茎切碎，丢进蒸馏器。装置的高温把块茎迅速煮熟，把独特的风味融进	live	英文/仓库侧含页面残留(完成/奖励)，live 是清理后的版本
locales_quest_new_content_mt.sql	locales_quest	OfferRewardText_loc4	41568	<Thandol''s eyes widen in bewilderment at the sight of the Golden Hops.>$B$BYou''ve found it! You''ve really found it! This is a once in a lifetime occurrence	你将获得：雷酒特种甲商人酒杯	＜见到金色蛇麻草，坦多尔惊讶得睁大了眼睛。＞$B$B你找到了！你真的找到了！这是一生难遇的机缘，$N。只要撒上几小撮这种传奇蛇麻草，雷酒金色	live	英文/仓库侧含页面残留(完成/奖励)，live 是清理后的版本
locales_quest_new_content_mt.sql	locales_quest	OfferRewardText_loc4	41572	Excellent materials	你可以从这些奖励中选择其一：图样：宇宙头饰 图样：虚灵头饰 设计图：超凡罩帽 设计图：炫光头盔	上好的材料，真是出色。现在，拿一件这个，给自己做点不那么难看的东西吧。		
locales_quest_new_content_mt.sql	locales_quest	OfferRewardText_loc4	41573	Excellent materials	你可以从这些奖励中选择其一：图样：宇宙护腿 图样：虚灵护腿 设计图：超凡护腿 设计图：炫光护腿	上好的材料，真是出色。现在，拿一件这个，给自己做点不那么难看的东西吧。		
locales_quest_new_content_mt.sql	locales_quest	OfferRewardText_loc4	41574	Excellent materials	你可以从这些奖励中选择其一：图样：宇宙衬肩 图样：虚灵护肩 设计图：超凡肩甲 设计图：炫光肩铠	上好的材料，真是出色。现在，拿一件这个，给自己做点不那么难看的东西吧。		
locales_quest_new_content_mt.sql	locales_quest	OfferRewardText_loc4	41575	Excellent materials	你可以从这些奖励中选择其一：图样：宇宙外衣 图样：虚灵外套 设计图：超凡胸甲 设计图：炫光胸甲	上好的材料，真是出色。现在，拿一件这个，给自己做点不那么难看的东西吧。		
locales_quest_new_content_mt.sql	locales_quest	OfferRewardText_loc4	41576	Excellent materials	你将获得：图样：魔网亲和披风	上好的材料，真是出色。现在，拿这个，给自己做点不那么难看的东西吧。	live	英文/仓库侧含页面残留(完成/奖励)，live 是清理后的版本
locales_quest_new_content_mt.sql	locales_quest	OfferRewardText_loc4	41577	What a horrid prospect. To think we stood at the precipice of another invasion by the Burning Legion. $N	你可以从这些奖励中选择其一：魔铸纳斯雷兹面纱、魔铸纳斯雷兹头饰、魔铸纳斯雷兹光环	多么可怕的景象。想想我们竟站在燃烧军团又一次入侵的边缘。$N，你和你同伴的所作所为不仅让艾泽拉斯免于又一场战争，还平息了我们所知最强大的恐惧		
locales_quest_new_content_mt.sql	locales_quest	OfferRewardText_loc4	41651	Bizzbang Zipperbox?! That ole airhead was behind all of this? Frankly	你将获得：扎波·扎布拉斯特的签名、永望镇广播公司背包	比兹邦·拉链匣？！这傻大个就是幕后黑手？说实话，当年在科赞，论工程学他的脑子算是灵光的一个，可我做梦也想不到他竟会这么记恨我。这比牛头人参加	live	英文/仓库侧含页面残留(完成/奖励)，live 是清理后的版本
locales_quest_new_content_mt.sql	locales_quest	OfferRewardText_loc4	41653	<Speaking to the frog	你可以从这些奖励中选择其一：智力卷轴 III 敏捷卷轴 III 力量卷轴 III 你将获得：春节烟花包	＜你跟那只青蛙说话，它的目光却飘向你身后的沼泽。要不是有人告诉你另有内情，你会以为它眼里什么都没有。可就在你快要放弃时，这具两栖的灵魂一次比	live	英文/仓库侧含页面残留(完成/奖励)，live 是清理后的版本
locales_quest_new_content_mt.sql	locales_quest	OfferRewardText_loc4	41654	These look wonderful	你可以从这些奖励中选择其一：收获节猪肉 廉价啤酒 你将获得：春节烟花包	这些看上去真不错，$N！你的坚韧和身手让我佩服。真的，我以我列祖列宗之名，深深感谢你。现在，让我为所有人变出一场他们从未见过的盛宴吧！	live	英文/仓库侧含页面残留(完成/奖励)，live 是清理后的版本
locales_quest_new_content_mt.sql	locales_quest	OfferRewardText_loc4	41655	Marvelous	你将获得：春节礼物宝盒	了不起，$N。你战胜了危险，以勇气和决心直面它们。这件信物就是你信念的凭证，也是你面对一切困难都愿意迎头上的证明。我相信，你今天已展现出机敏	live	英文/仓库侧含页面残留(完成/奖励)，live 是清理后的版本
locales_quest_new_content_mt.sql	locales_quest	OfferRewardText_loc4	41714	<Ralwen grabs the reagents and places them in front of him. Quickly reciting the book''s chants	你将获得：原始地脉水晶	＜拉尔文抓起材料放到面前。他飞快诵读书中的咒文，材料开始移动并猛烈汇聚，释放出一道强大的冲击波。留下的是一颗完美无瑕的水晶。＞$B$B该死的	live	英文/仓库侧含页面残留(完成/奖励)，live 是清理后的版本
locales_quest_new_content_mt.sql	locales_quest	OfferRewardText_loc4	41743	A splendid choice. Should you ever itch for another game again	你可以从这些奖励中选择其一：暗影抗性符印 强化体质符印 贪婪之欲符印	绝佳的选择。哪天你又想再来一局，我很乐意再试试你的胆识。不过现在，让我先歇一会儿。		
locales_quest_new_content_mt.sql	locales_quest	OfferRewardText_loc4	41744	A splendid choice. Should you ever itch for another game again	你可以从这些奖励中选择其一：伪装秘典：主教 伪装秘典：大王 伪装秘典：尔乌克 玩具骑士	绝佳的选择。哪天你又想再来一局，我很乐意再试试你的胆识。不过现在，让我先歇一会儿。		
locales_quest_new_content_mt.sql	locales_quest	OfferRewardText_loc4	41770	It is done. You''ve proven your determination to me. It is as clear as the sun how well you''ve been caring for your now adult Ravasaur. I am certain they think	你将获得：黑曜野性迅猛龙	办成了。你已经向我证明了你的决心。你把这头如今已长成的暴掠龙照顾得多好，清楚得像天上的太阳。我相信它们也是这么想的。$B$B＜你的小家伙长得	live	英文/仓库侧含页面残留(完成/奖励)，live 是清理后的版本
locales_quest_new_content_mt.sql	locales_quest	OfferRewardText_loc4	41771	A good hunt. This should satiate its hunger - for now. These ravenous younglings crave sustenance all day long	你将获得：暴掠龙牙	好一场狩猎。这应该能填饱它的肚子了——暂时而已。这些贪吃的幼崽整日都想要吃的，所以别拖太久再喂它。	live	英文/仓库侧含页面残留(完成/奖励)，live 是清理后的版本
locales_quest_new_content_mt.sql	locales_quest	OfferRewardText_loc4	41772	Thick and heavy	你将获得：暴掠龙牙	厚实而沉，充满力量。我的族人素来有食用强健器官以强健体魄的习俗。你哪天也该试试，那感觉……让人亢奋。	live	英文/仓库侧含页面残留(完成/奖励)，live 是清理后的版本
locales_quest_new_content_mt.sql	locales_quest	OfferRewardText_loc4	41773	Bloodied and truly massive. These hearts will help the little one become a strong and robust adult when the time comes.	你将获得：暴掠龙牙	血淋淋的，而且真够巨大。等时机到了，这些心脏能帮小家伙长成强壮结实的成年个体。	live	英文/仓库侧含页面残留(完成/奖励)，live 是清理后的版本
locales_quest_new_content_mt.sql	locales_quest	OfferRewardText_loc4	41785	<Nydiszanz recoils and hisses in pain at the sight of the Demon Soul shard. Just being near it causes a visceral reaction by him.>$B$BImpossible	你可以从这些奖励中选择其一：烬火血之坠饰 烬火祝福之坠饰 烬火憎恨坠饰	＜尼迪斯扎一看到恶魔之魂的碎片，就痛得缩起身子嘶声作响。仅仅是靠近它，就让他产生剧烈的反应。＞$B$B不可能，你居然找回了它，还敢把它带到我		
locales_quest_new_content_mt.sql	locales_quest	OfferRewardText_loc4	41811	Finally	你可以从这些奖励中选择其一：沙丘天使锁甲、沙漠探寻者长裤	终于，我好久没听过这样的寂静了，沙丘本身都安宁下来，我也一样……我的游荡到了尽头，也许是时候为自己寻找安宁了。谢谢你，旅人，你为这地方做了件		
locales_quest_new_content_mt.sql	locales_quest	OfferRewardText_loc4	41841	Look what the cat dragged in. I was assuming Wordeen had atleast a smidgeon of competency left in his body	你可以从这些奖励中选择其一：雷蒂召唤触 审判之指环	瞧瞧猫儿拖进来什么东西。我还以为沃迪恩身子骨里至少还剩一丁点本事，看来是我大错特错。想不到我的一件器物竟逃过那些烦人的法师，落到暗影议会手里		
locales_quest_new_content_mt.sql	locales_quest	OfferRewardText_loc4	41854	Ha! Aye	你将获得：次级石盾药水	哈！没错，那是我的东西，石头一样千真万确！$B$B我还以为已经落到那些该死的黑铁矮人手里了——看来那帮可怜虫压根没脑子明白我这些笔记到底有多	live	英文/仓库侧含页面残留(完成/奖励)，live 是清理后的版本
locales_quest_new_content_mt.sql	locales_quest	OfferRewardText_loc4	41861	You will receive: Tome of the Wild Ride	你将获得：野生的飞往之书	＜瑞瑟乌斯喘着粗气。这场战斗让他精疲力竭。＞$B$B难以置信！关于你的传闻一点也没有夸大，你对塞纳留斯教义的掌握，清楚得像缀满星光的夜空！知	live	英文/仓库侧含页面残留(完成/奖励)，live 是清理后的版本
locales_quest_new_content_mt.sql	locales_quest	OfferRewardText_loc4	41873	<Historian Sternhand reads the journal in silence	你将获得：布兰加之愚	＜历史学家硬掌默默读着那本日记，皱着眉翻过最后几页。他缓缓吐了口气，然后重重合上书。＞$B$B嗯。我就觉得那边出了问题……可不是这种问题。$	live	英文/仓库侧含页面残留(完成/奖励)，live 是清理后的版本
locales_quest_new_content_mt.sql	locales_quest	OfferRewardText_loc4	41937	<Presenting the honorable spirit with the pendant	你可以从这些奖励中选择其一：翡翠旷野树枝 鬼火织环 梦皮护符	＜把坠饰呈给这位尊贵的灵魂时，一阵敬畏的颤栗顺着你的脊背而下。月语谷陷入寂静，四周暗了下来，你面前这头熊形身影在你眼中愈发清晰。就在那一刻，		
locales_quest_new_content_mt.sql	locales_quest	OfferRewardText_loc4	41940	Great work	你可以从以下奖励中选择一件：优质治疗药水、强效法力药水	干得好，年轻人。我的直觉没错——这些核心内部藏着邪恶的能量，沸腾翻涌着怒火。只要它们的本质还绑在核心上，我就能安抚它们的心智，让它们从痛苦中		
locales_quest_new_content_mt.sql	locales_quest	OfferRewardText_loc4	42005	Thil’phoral in one hand	你将获得：希尔弗拉尔，阿尔恩的预兆	一手希尔弗拉尔，一手藤蔓碎片。你虽不情愿，还是把碎片放进剑面上那道凹槽。几乎立刻，那一小截木头就在剑刃中扎根，眼前的藤蔓随之向希尔弗拉尔伸来	live	英文/仓库侧含页面残留(完成/奖励)，live 是清理后的版本
locales_quest_new_content_mt.sql	locales_quest	OfferRewardText_loc4	42022	For your acts for furbolgkind	你可以从这些奖励中选择其一：野生神之胸甲 自然仁慈头盔 狂野力量护腿	为了你为熊怪一族所做的一切，你理应得到荣誉的奖赏：用净化过的皮毛亲手制作的一件合你心意的护甲，让你能在乌索尔的祝福下行走荒野，替他继续为他深		
locales_quest_new_content_mt.sql	locales_quest	OfferRewardText_loc4	42056	You will receive: Celestial Garments	你将获得：天界光之衣	你做得很好。为了纪念你的第一次试炼，我要把我的一件旧长袍赏给你。如我承诺的那样，让我来讲讲穆莎。我们最早的盟友之一是暗夜精灵，正如他们的名字	live	英文/仓库侧含页面残留(完成/奖励)，live 是清理后的版本
locales_quest_new_content_mt.sql	locales_quest	OfferRewardText_loc4	42079	You have recovered this from the clutches of the demon that claimed the barrow den from the Grove of the Moon as home? Then	你将获得：半焦的卷轴	你是从那个以月之林为家、占据了土丘巢穴的恶魔手中夺回这个的？那么，纸上写着的东西只该由你一人去看。找个僻静的地方读吧。	live	英文/仓库侧含页面残留(完成/奖励)，live 是清理后的版本
locales_quest_new_content_mt.sql	locales_quest	OfferRewardText_loc4	42100	You will receive: Cloverleaf Stout Lucky Top Hat Green Firework	你将获得：三叶草、一大桶微光酒、幸运高顶帽、绿色焰火	这究竟是什么？！一整箱塞满的衣服、食物、玩具之类的东西？你在哪儿找到的，好心人？难道是阿隆索斯·法奥本人的奇迹，在帷幕之外看顾着他的信徒？不	live	英文/仓库侧含页面残留(完成/奖励)，live 是清理后的版本
locales_quest_new_content_mt.sql	locales_quest	OfferRewardText_loc4	42101	An entire crate full of food	你将获得：三叶草、一大桶微光酒、幸运高顶帽、绿色焰火	整整一箱食物、布料和器具？！这怎么可能？难道真是大地母亲的赐福？一定是！我简直不敢相信我们如此幸运。一次又一次得到证明，她供养着她的人民，也	live	英文/仓库侧含页面残留(完成/奖励)，live 是清理后的版本
locales_quest_new_content_mt.sql	locales_quest	OfferRewardText_loc4	80745	The lanterns have drifted far	你将获得：美味月饼	花灯已经飘远，把你的祝福带向世间。$B$B愿你在这次庆典中点起的灯光，为你和你所爱之人带来安宁与喜乐。$B$B请收下这些月饼，作为我们的谢意	live	英文/仓库侧含页面残留(完成/奖励)，live 是清理后的版本
locales_quest_new_content_mt.sql	locales_quest	RequestItemsText_loc4	8107	Honor is earned amongst the Zandalar trolls	在赞达拉巨魔当中，荣誉要靠自己去赢得，$R。荣誉带来回报——友谊、同盟……把坠饰交给我，让我强化它的力量。科赞的玷污 奖励 你将获得：科赞的玷污 完成 从黑暗中汲取力量，$R。拥抱暗影。让科赞的玷污助你行那阴暗的勾当。奖励 完成任务后可获得：6600 点经验值，赞达拉部族 250 点声望	在赞达拉巨魔当中，荣誉要靠自己去赢得，$N。荣誉带来回报——友谊、同盟……$B$B把坠饰交给我，让我强化它的力量。	live	英文/仓库侧含页面残留(完成/奖励)，live 是清理后的版本
locales_quest_new_content_mt.sql	locales_quest	RequestItemsText_loc4	8108	I am ready for you	我随时可以为你效劳，$R。我会再次强化你的坠饰。我只要求你继续消灭哈卡和他的爪牙。把坠饰给我。科赞的玷污 奖励 你将获得：科赞的玷污 完成 只有靠我们同心协力，才能阻止夺魂者。奖励 完成任务后可获得：6600 点经验值，赞达拉部族 250 点声望	我随时可以为你效劳，$C。我会再次强化你的坠饰。我只要求你继续消灭哈卡和他的爪牙。$B$B把坠饰给我。	live	英文/仓库侧含页面残留(完成/奖励)，live 是清理后的版本
locales_quest_new_content_mt.sql	locales_quest	RequestItemsText_loc4	8142	Impressive	令人印象深刻，$R。你有杀戮的天赋，我多年没在别人身上感受到这种天赋了。连莫托尔都知道你为赞达拉做的事。是时候进一步强化你的坠饰了。把它给我。赞达拉暗影坠饰 奖励 你将获得：赞达拉暗影坠饰 完成 这枚坠饰只剩最后一次强化可以施加了，$R。时机成熟时，我会为你施加那一次强化。奖励 完成任务后可获得：6600 点经验值，赞达拉部族 250 点声望	令人印象深刻，$N。你有杀戮的天赋，我多年没在别人身上感受到这种天赋了。连莫托尔都知道你为赞达拉做的事。是时候进一步强化你的坠饰了。把它给我	live	英文/仓库侧含页面残留(完成/奖励)，live 是清理后的版本
locales_quest_new_content_mt.sql	locales_quest	RequestItemsText_loc4	8143	I sense that you have dealt countless fatalities to the Hakkari	我能感觉到，你已经让无数哈卡莱丧命，$R。你身上带着他们魔精的臭味。我猜那枚暗影坠饰在杀戮中出了力？把它交给我，让我强化它的力量。赞达拉暗影坠饰 奖励 你将获得：赞达拉暗影坠饰 完成 像你这种级别的刺客，别人都该远远绕开。你的敌人必须学会敬畏！当敌人看见死神之手的寒光时，他们就会明白——只可惜为时已晚……奖励 完成任务后可获得：6600 点经验值，赞达拉部族 250 点声望	我能感觉到，你已经让无数哈卡莱丧命，$N。你身上带着他们魔精的臭味。$B$B我猜那枚暗影坠饰在杀戮中出了力？把它交给我，让我强化它的力量。	live	英文/仓库侧含页面残留(完成/奖励)，live 是清理后的版本
locales_quest_new_content_mt.sql	locales_quest	RequestItemsText_loc4	8146	Even from here I can hear the sound of your volleys laying waste to our enemies. Their cries echo in agony.$B$BYou have made quite a name for yourself among the	即便在这里，我也能听见你的箭雨荡平敌人的声响。他们的惨叫回荡着满是痛苦。你已经在赞达拉的巨魔当中闯出了名号，$R。我们感激你所做的一切。把你的坠饰交给我，让我再织入一道。漩涡之藤 奖励 你将获得：漩涡之藤 完成 我还能为你的坠饰再织入最后一道，奖励 完成任务后可获得：6600 点经验值，赞达拉部族 250 点声望	即便在这里，我也能听见你的箭雨荡平敌人的声响。他们的惨叫回荡着满是痛苦。$B$B你已经在赞达拉的巨魔当中闯出了名号，$N。我们感激你所做的一	live	英文/仓库侧含页面残留(完成/奖励)，live 是清理后的版本
locales_quest_new_content_mt.sql	locales_quest	RequestItemsText_loc4	8147	Ah	啊，$R，能再次闻到你的气味真好。请原谅我的幽默感，它有时实在粗俗。我能感觉到，你让我们的敌人痛苦万分。哈卡的军队正愤怒地呼喊着你的名字。这真是太好了。你又为你的坠饰赢得了一道编织。把它交给我。漩涡之藤 奖励 你将获得：漩涡之藤 完成 就让他们在你的弹药尽头寻求救赎吧。奖励 完成任务后可获得：6600 点经验值，赞达拉部族 250 点声望	啊，$N，能再次闻到你的气味真好。$B$B<法希尔咧嘴一笑。>$B$B请原谅我的幽默感，它有时实在粗俗。$B$B我能感觉到，你让我们的敌人痛	live	英文/仓库侧含页面残留(完成/奖励)，live 是清理后的版本
locales_quest_new_content_mt.sql	locales_quest	RequestItemsText_loc4	8742	A thousand years has passed and just as it was fated	一千年过去了，正如命中注定，有一个人站在我面前。他将带领自己的人民走向新的时代。上古之神在颤抖，$N。是的，它畏惧你的信念。去粉碎克苏恩的预言吧。它知道你要来，勇士——与你同来的，还有卡利姆多的力量。你只需在准备好时告诉我，我便将流沙节杖授予你。奖励 你将获得：流沙节杖 完成 流沙节杖重归完整，$N。使用节杖的人必须是你。为你的族人开启下一个时代的人，也必须是你。你必须等待部落与联盟的军队抵达希利苏斯，才能敲响甲虫之锣。奖励 完成任务后可获得：9950 点经验值，诺兹多姆的子嗣 500 点声望	一千年过去了，正如命中注定，终于有人站在了我面前——一位将带领他的人民走向新时代的勇士。$B$B上古之神在颤抖，$N。是的，它畏惧你的信念。	live	英文/仓库侧含页面残留(完成/奖励)，live 是清理后的版本
locales_quest_new_content_mt.sql	locales_quest	RequestItemsText_loc4	9257	I must not interfere	遵命，$R。	我不能插手，$R。		
locales_quest_new_content_mt.sql	locales_quest	RequestItemsText_loc4	9269	I must not interfere	遵命，$R。	我不能插手，$R。		
locales_quest_new_content_mt.sql	locales_quest	RequestItemsText_loc4	9270	I must not interfere	遵命，$R。	我不能插手，$R。		
locales_quest_new_content_mt.sql	locales_quest	RequestItemsText_loc4	9271	I must not interfere	遵命，$R。	我不能插手，$R。		
locales_quest_new_content_mt.sql	locales_quest	RequestItemsText_loc4	9343	You have aided our cause greatly	你对我们的目标提供了非常大的帮助，$N。如果你想的话，我可以给你一件银色黎明外袍。有你这样的盟友我们深感荣幸。	你为我们的事业出了大力，$N。如果你愿意，我可以把银色黎明的战袍交给你。有你这样的盟友，我们很骄傲。		
locales_quest_new_content_mt.sql	locales_quest	RequestItemsText_loc4	40056	It was our folly... our doom that we took that last job. If only we hadn''t inadvertently stolen Lord Valthalak''s spirit	魔纹布快见底了，我们需要你帮忙补充库存！只要依靠整个社区的力量，你这边只需捐出 60 块魔纹布，我们就能达成目标。我可以向你保证，奥格瑞玛绝不会忘记这份慷慨！如果你身上正带着那六十块魔纹布，也愿意捐出来，我现在就可以收下。魔纹布（60）	接下那最后一桩差事，是我们的愚蠢……也是我们的劫数。要是我们当初没有无意中窃走封在护符里的瓦萨拉克领主之魂；要是我们那支佣兵团里没有那么几个		
locales_quest_new_content_mt.sql	locales_quest	RequestItemsText_loc4	40106	<The Pedestal appears dormant.>	完成 奖励 完成任务后可获得：660 点经验值	＜那座石座看上去沉寂无声。＞	live	英文/仓库侧含页面残留(完成/奖励)，live 是清理后的版本
locales_quest_new_content_mt.sql	locales_quest	RequestItemsText_loc4	40114	<The pedestal appears dormant.>	完成 奖励 完成任务后可获得：660 点经验值	＜那座石座看上去沉寂无声。＞	live	英文/仓库侧含页面残留(完成/奖励)，live 是清理后的版本
locales_quest_new_content_mt.sql	locales_quest	RequestItemsText_loc4	40184	<Thirael''s broken corpse lays before your eyes.>	完成 奖励 完成任务后可获得：500 点经验值，辛德拉 -100 点声望	＜希拉尔的残破尸身横在你眼前。＞	live	英文/仓库侧含页面残留(完成/奖励)，live 是清理后的版本
locales_quest_new_content_mt.sql	locales_quest	RequestItemsText_loc4	40259	<The Anvil''s presence is intimidating>.	$N。完成 奖励 完成任务后可获得：8500 点经验值，银色黎明 -500 点声望	＜那铁砧的气势令人望而生畏＞。	live	英文/仓库侧含页面残留(完成/奖励)，live 是清理后的版本
locales_quest_new_content_mt.sql	locales_quest	RequestItemsText_loc4	40974	Has the deed been done $C?	事情办妥了吗，$c？完成 干得好，你的付出值得称赞。你击败了那头诅咒我永世不得安息的野兽。收下其中一件，作为我的谢意。奖励 完成任务后可获得：4100 点经验值	事情办妥了吗，$C？	live	英文/仓库侧含页面残留(完成/奖励)，live 是清理后的版本
locales_quest_new_content_mt.sql	locales_quest	RequestItemsText_loc4	41277	<The stone skinned dwarf ignores you with ease	完成 奖励 完成任务后可获得：1900 点经验值	＜这名石肤矮人轻易地无视了你，仿佛你不值得他浪费时间。＞	live	英文/仓库侧含页面残留(完成/奖励)，live 是清理后的版本
locales_quest_new_content_mt.sql	locales_quest	RequestItemsText_loc4	41278	<The stone skinned dwarf ignores you with ease	完成 奖励 完成任务后可获得：1900 点经验值	＜这名石肤矮人轻易地无视了你，仿佛你不值得他浪费时间。＞	live	英文/仓库侧含页面残留(完成/奖励)，live 是清理后的版本
locales_quest_new_content_mt.sql	locales_quest	RequestItemsText_loc4	41279	<Thegren continues his crafts	完成 当他把手掌再次按在你身上时，你眼前的一切清晰了许多，尽管这个过程仍让你吃力。三颗宝石在内视中浮现。幸好你认得出它们：一颗烬石、一颗红宝石和一颗黄水晶。接着你看见同样的宝石被切磨成一种你从未见过的刻面。你凝神细看，把每一个动作都记在心里。这份智慧已刻进你的脑海。> 奖励 完成任务后可获得：4200 点经验值	＜瑟格雷恩继续做着他的手艺，没有理会你。＞	live	英文/仓库侧含页面残留(完成/奖励)，live 是清理后的版本
locales_quest_new_content_mt.sql	locales_quest	RequestItemsText_loc4	41280	<Thegren waits with a strict expression.>	完成 下一步在等着你。奖励 完成任务后可获得：3200 点经验值	＜瑟格雷恩表情严厉地等着。＞	live	英文/仓库侧含页面残留(完成/奖励)，live 是清理后的版本
locales_quest_new_content_mt.sql	locales_quest	RequestItemsText_loc4	41281	<Thegren tinkers with a few gems.>	完成 瑟格雷恩转向你，赞许地点了点头。最后一步就在眼前了。奖励 完成任务后可获得：4700 点经验值	＜瑟格雷恩摆弄着几颗宝石。＞	live	英文/仓库侧含页面残留(完成/奖励)，live 是清理后的版本
locales_quest_new_content_mt.sql	locales_quest	RequestItemsText_loc4	41282	<It looks like he stopped moving altogether.>	完成 你通过了试炼！瑟格雷恩把你引到他的桌旁，迫不及待地想把自己的知识传授给这名新徒弟。奖励 完成任务后可获得：3400 点经验值	＜看起来他完全停止动弹了。＞	live	英文/仓库侧含页面残留(完成/奖励)，live 是清理后的版本
locales_quest_new_content_mt.sql	locales_quest	RequestItemsText_loc4	41285	Oh, how much I would give to be back in Gnomeregan! Completion Bloodied, drenched, full of mud. Ugh, it breaks my heart to see one of my finer works in such a d	哦，我多愿意回到诺莫瑞根啊！完成 血迹斑斑，湿淋淋，满是泥浆。唉，看到自己一件上乘之作落到这般不堪的地步，我这心都碎了。不过，还是谢谢你把它找回来。告诉我，你是在他那具被打烂的尸体上找到的，还是被谁的脏手从他身上摸走的？算了，别说了，我宁愿不知道。为酬谢你的高尚之举，我教你亲手打造这条项圈。奖励 完成任务后可获得：4200 点经验值	＜塔尔瓦斯深深叹了口气。＞$B$B哦，我多愿意回到诺莫瑞根去啊！	live	英文/仓库侧含页面残留(完成/奖励)，live 是清理后的版本
locales_quest_new_content_mt.sql	locales_quest	RequestItemsText_loc4	41302	$N! What took you so long? I feared they gave you an early visit to the afterlife. So	$N！怎么去了这么久？我还以为他们提前送你去来世了。怎么样，说吧？我安全了吗？完成 什么？！这才是我被承诺的一半！这个该死的刽子手、油滑的鼻涕虫，还有他那帮吓人的保镖都不得好死！嗯，至少我还没死，对吧？这得谢谢你——真的，我很感激！你毫不犹豫地为我出头，这年头可不常见。希望这些混混不会再来找我麻烦。不过说真的：你替我把珠宝送过去，难道你是个珠宝匠？如果是，请让我把一件专利设计分享给你，酬谢你的英勇！奖励 完成任务后可获得：800 点经验值	$N！怎么去了这么久？我还以为他们提前送你去来世了。那么，怎么样了？我安全了吗？	live	英文/仓库侧含页面残留(完成/奖励)，live 是清理后的版本
locales_quest_new_content_mt.sql	locales_quest	RequestItemsText_loc4	41304	, where have you been? Did you find my jewelry, and where did you leave Grizzby? Completion Oh, those backstabbing, scab-munching troglodytes! Leaving the Ventu	$N，你到哪儿去了？我的珠宝找到了吗？你把格里比留在哪儿了？完成 噢，那些背后捅刀、啃痂皮的穴居怪！离开风险投资公司是纳特这辈子做过最正确的决定，我早就受够他们那些见不得人的手段了。我不仅丢了所有珍贵的珠宝，还失去了最好的承包商，要找个替代的人得花上好久！噢，格里比，你这老混蛋，你本该有更好的下场，好得多……奖励 完成任务后可获得：2300 点经验值	$N，你到哪儿去了？我的珠宝找到了吗？你把格里比留在哪儿了？	live	英文/仓库侧含页面残留(完成/奖励)，live 是清理后的版本
locales_quest_new_content_mt.sql	locales_quest	RequestItemsText_loc4	41305	Be quick	快点，$N！打造杰作急不得，可下一场拍卖只剩几天了！完成 哦，哇！这东西几乎跟我的鼻子一样大！那些冒险者没吹牛，一点没吹。还有你带来的项链，工艺精细得惊人，真是让人佩服。我就说你有珠宝加工的天分。真的，你帮了我大忙。等那些靴子湾的牛人看见这件美物，准得流口水，你等着瞧！为答谢你的辛苦与相助，让我把一件自己最中意的设计分享给你。奖励 完成任务后可获得：3700 点经验值	快点，$N！打造杰作急不得，可下一场拍卖只剩几天了！	live	英文/仓库侧含页面残留(完成/奖励)，live 是清理后的版本
locales_quest_new_content_mt.sql	locales_quest	RequestItemsText_loc4	41307	<The gnome doesn''t seem to pay attentio to you.>	完成 这是什么？特拉西斯的货？我等这个等了好久！那地精和他那一塌糊涂的服务到底在搞什么？不管怎样，谢谢你替他完成了活。要不是他有那么独家的货源，这就是我最后一次在他那儿订货了。奖励 完成任务后可获得：4300 点经验值	＜这侏儒似乎没在注意你。＞	live	英文/仓库侧含页面残留(完成/奖励)，live 是清理后的版本
locales_quest_new_content_mt.sql	locales_quest	RequestItemsText_loc4	41311	Heed caution	小心行事，$N。如果这个恶魔从第三次大战中活了下来，那就绝不能小瞧他。完成 那件握物又回到了我手里，简直像个诅咒。你居然毫发无伤地回来了，令我十分佩服——你的实力已可与大英雄比肩。现在说说那件握物……奖励 完成任务后可获得：6200 点经验值	小心行事，$N。如果这个恶魔从第三次大战中活了下来，那就绝不能小瞧他。	live	英文/仓库侧含页面残留(完成/奖励)，live 是清理后的版本
locales_quest_new_content_mt.sql	locales_quest	RequestItemsText_loc4	41326	$N	$N，你坐立不安。说吧，找到 阿克扎多尔 了吗？完成 我悲痛欲绝。哪怕在最荒唐的梦里，我也想不到会发生这种事。桑维·塔斯达尔，曾是我的导师、我们部族的酋长与高贵的领袖，竟然屈服于燃烧军团甜蜜的谎言。若不是你和 阿克扎多尔，我和我的族人早就跟着他回到德拉诺，余生都当军团阴谋的棋子了。避难所永远欠你一份情。言语无法表达我对你这份无私的感激有多深，所以，请收下这件所有德莱尼赠予你的谢礼。奖励 完成任务后可获得：8300 点经验值，1000 点声望	$N，你坐立不安。说吧，找到阿克·扎多尔了吗？	live	英文/仓库侧含页面残留(完成/奖励)，live 是清理后的版本
locales_quest_new_content_mt.sql	locales_quest	RequestItemsText_loc4	41333	<Thegren''s stony expression appears to turn joyful upon seeing you.>	完成 奖励 完成任务后可获得：3750 点经验值	＜瑟格雷恩看到你，石头般的表情似乎变得欣喜起来。＞	live	英文/仓库侧含页面残留(完成/奖励)，live 是清理后的版本
locales_quest_new_content_mt.sql	locales_quest	RequestItemsText_loc4	41334	<Thegren''s stony expression appears to turn joyful upon seeing you.>	完成 奖励 完成任务后可获得：3750 点经验值	＜瑟格雷恩看到你，石头般的表情似乎变得欣喜起来。＞	live	英文/仓库侧含页面残留(完成/奖励)，live 是清理后的版本
locales_quest_new_content_mt.sql	locales_quest	RequestItemsText_loc4	41335	Oh	哦，$N！很高兴又见到你。说吧，这些日子过得可好？完成 不得不说，这是一本古怪的书。上面有一个古老的印记，我并不熟悉。真有意思……不管怎样，解读这本书对我而言不成问题。请稍等片刻，我会把从书页里能解出的知识告诉你。奖励 完成任务后可获得：3750 点经验值	哦，$N！很高兴又见到你。说吧，这些日子过得可好？	live	英文/仓库侧含页面残留(完成/奖励)，live 是清理后的版本
locales_quest_new_content_mt.sql	locales_quest	RequestItemsText_loc4	41337	Oh	哦，$N！很高兴又见到你。说吧，这些日子过得可好？完成 不得不说，这是一本古怪的书。上面有一个古老的印记，我并不熟悉。真有意思……不管怎样，解读这本书对我而言不成问题。请稍等片刻，我会把从书页里能解出的知识告诉你。奖励 完成任务后可获得：3750 点经验值	哦，$N！很高兴又见到你。说吧，这些日子过得可好？	live	英文/仓库侧含页面残留(完成/奖励)，live 是清理后的版本
locales_quest_new_content_mt.sql	locales_quest	RequestItemsText_loc4	41340	$N! Arch Druid Dreamwind informed me about what transpired on Mount Hyjal. Do you have the dream shards with you?	$N！大德鲁伊梦风告诉了我海加尔山发生的事。梦境碎片你带在身上了吗？完成 干得好，$N。看到你这么迅速就完成了任务，我就更不必担心接下来要请你做的事了。你或许不知道，我和我的同胞都是玛洛恩的后裔。正是他与月神伊露恩的结合，孕育了我们的父神塞纳留斯——而他又创造了我们。这件事不仅关乎海加尔山的安危，关乎我的家族，更关乎整个艾泽拉斯。奖励 完成任务后可获得：6600 点经验值，塞纳里奥议会 100 点声望	$N！大德鲁伊梦风告诉了我海加尔山发生的事。梦境碎片你带在身上了吗？	live	英文/仓库侧含页面残留(完成/奖励)，live 是清理后的版本
locales_quest_new_content_mt.sql	locales_quest	RequestItemsText_loc4	41349	<The dirt mound looks suspicious	完成 奖励 完成任务后可获得：3200 点经验值	＜那堆泥土看着很可疑，几乎与周围格格不入。一件往昔的遗物，被岁月掩藏，从未被凡人之手触碰过。＞	live	英文/仓库侧含页面残留(完成/奖励)，live 是清理后的版本
locales_quest_new_content_mt.sql	locales_quest	RequestItemsText_loc4	41351	$N! A pleasure to see you. Say	$N！很高兴见到你。说说看，你的搜寻有收获吗？完成 难以置信，简直惊人！你是个了不起的侦探，这么短时间就查清了这桩陈年谜案。要是我还在自己的庄园里，我一定让我兄弟把你封进我们的私人随从。可惜啊，我相信这世界的惊奇才是你向往之物，而我的不死之身把我困在这里。不过别担心——项链回来了，我就能带着鄙夷忍受这无尽的游魂日子了。按约定，这件东西归你：塔楼之主、守护者麦迪文亲手打造的珍贵红宝石戒指。奖励 完成任务后可获得：8200 点经验值	$N！很高兴见到你。说说看，你的搜寻有收获吗？	live	英文/仓库侧含页面残留(完成/奖励)，live 是清理后的版本
locales_quest_new_content_mt.sql	locales_quest	RequestItemsText_loc4	41352	<He appears to be somewhat sober compared to the last time you met.>$B$BWho goes there?! Do I know you?	谁在那儿？！我认识你吗？完成 这枚戒指……是我姑姑 蒂莉亚 的？不，这……不可能。姑姑从不与自己的首饰分开，只有她最珍视的人才会被赠予。难道说……？哪怕在我偷走了她最爱的那条项链之后……陌生人，你到底是怎么弄到它的？！蒂莉亚 几十年前在前往那座受诅咒的守护者之塔的旅途中失踪了。反正都一样。拿着你的玩意儿走吧。对我来说都结束了，一枚昂贵的戒指能给我带来什么好处？卖了它，戴着它，我都不在乎。就让我一个人待在痛苦里吧。奖励 完成任务后可获得：3200 点经验值	＜比起上次见面，他看起来清醒了一些。＞$B$B谁在那儿？！我认识你吗？	live	英文/仓库侧含页面残留(完成/奖励)，live 是清理后的版本
locales_quest_new_content_mt.sql	locales_quest	RequestItemsText_loc4	41395	<There are three indentations in the shape of a rhombus.>	帕拉丁内特碎片 深蓝碎片 枢机碎片 奖励 你将获得：赞之宝石 完成 奖励 完成任务后可获得：0 点经验值	＜上面有三个菱形凹槽。＞	live	英文/仓库侧含页面残留(完成/奖励)，live 是清理后的版本
locales_quest_new_content_mt.sql	locales_quest	RequestItemsText_loc4	41398	<The great stag stares at you	完成 你抬起目光，与半神的目光相接，一股力量感涌遍全身。那种感觉无可比拟：成长、感激与爱。来得快去得也快。你仿佛重生，向这位守路人致意，然后让他继续履行职责。> 奖励 完成任务后可获得：7200 点经验值，塞纳里奥议会 200 点声望	＜那头巨大的雄鹿注视着你，让你心中充满敬畏。你正站在一位半神面前。＞	live	英文/仓库侧含页面残留(完成/奖励)，live 是清理后的版本
locales_quest_new_content_mt.sql	locales_quest	RequestItemsText_loc4	41451	These garments seem to suit your true nature far better. Be mindful of the power you possess	这些衣装似乎更契合你的本性。要小心你所拥有的力量，$N。完成 谨慎选择，你的决定不可更改。奖励 完成任务后可获得：0 点经验值	这些衣装似乎更契合你的本性。要小心你所拥有的力量，$C。	live	英文/仓库侧含页面残留(完成/奖励)，live 是清理后的版本
locales_quest_new_content_mt.sql	locales_quest	RequestItemsText_loc4	41452	These garments seem to suit your true nature far better. Be mindful of the power you possess	这些衣装似乎更契合你的本性。要小心你所拥有的力量，$N。完成 谨慎选择，你的决定不可更改。奖励 完成任务后可获得：0 点经验值	这些衣装似乎更契合你的本性。要小心你所拥有的力量，$C。	live	英文/仓库侧含页面残留(完成/奖励)，live 是清理后的版本
locales_quest_new_content_mt.sql	locales_quest	RequestItemsText_loc4	41453	These garments seem to suit your true nature far better. Be mindful of the power you possess	这些衣装似乎更契合你的本性。要小心你所拥有的力量，$N。完成 谨慎选择，你的决定不可更改。奖励 完成任务后可获得：0 点经验值	这些衣装似乎更契合你的本性。要小心你所拥有的力量，$C。	live	英文/仓库侧含页面残留(完成/奖励)，live 是清理后的版本
locales_quest_new_content_mt.sql	locales_quest	RequestItemsText_loc4	41454	These garments seem to suit your true nature far better. Be mindful of the power you possess	这些衣装似乎更契合你的本性。要小心你所拥有的力量，$N。完成 谨慎选择，你的决定不可更改。奖励 完成任务后可获得：0 点经验值	这些衣装似乎更契合你的本性。要小心你所拥有的力量，$C。	live	英文/仓库侧含页面残留(完成/奖励)，live 是清理后的版本
locales_quest_new_content_mt.sql	locales_quest	RequestItemsText_loc4	41455	These garments seem to suit your true nature far better. Be mindful of the power you possess	这些衣装似乎更契合你的本性。要小心你所拥有的力量，$N。完成 谨慎选择，你的决定不可更改。奖励 完成任务后可获得：0 点经验值	这些衣装似乎更契合你的本性。要小心你所拥有的力量，$C。	live	英文/仓库侧含页面残留(完成/奖励)，live 是清理后的版本
locales_quest_new_content_mt.sql	locales_quest	RequestItemsText_loc4	41456	These garments seem to suit your true nature far better. Be mindful of the power you possess	这些衣装似乎更契合你的本性。要小心你所拥有的力量，$N。完成 谨慎选择，你的决定不可更改。奖励 完成任务后可获得：0 点经验值	这些衣装似乎更契合你的本性。要小心你所拥有的力量，$C。	live	英文/仓库侧含页面残留(完成/奖励)，live 是清理后的版本
locales_quest_new_content_mt.sql	locales_quest	RequestItemsText_loc4	41457	These garments seem to suit your true nature far better. Be mindful of the power you possess	这些衣装似乎更契合你的本性。要小心你所拥有的力量，$N。完成 谨慎选择，你的决定不可更改。奖励 完成任务后可获得：0 点经验值	这些衣装似乎更契合你的本性。要小心你所拥有的力量，$C。	live	英文/仓库侧含页面残留(完成/奖励)，live 是清理后的版本
locales_quest_new_content_mt.sql	locales_quest	RequestItemsText_loc4	41458	These garments seem to suit your true nature far better. Be mindful of the power you possess	这些衣装似乎更契合你的本性。要小心你所拥有的力量，$N。完成 谨慎选择，你的决定不可更改。奖励 完成任务后可获得：0 点经验值	这些衣装似乎更契合你的本性。要小心你所拥有的力量，$C。	live	英文/仓库侧含页面残留(完成/奖励)，live 是清理后的版本
locales_quest_new_content_mt.sql	locales_quest	RequestItemsText_loc4	41459	These garments seem to suit your true nature far better. Be mindful of the power you possess	这些衣装似乎更契合你的本性。要小心你所拥有的力量，$N。完成 谨慎选择，你的决定不可更改。奖励 完成任务后可获得：0 点经验值	这些衣装似乎更契合你的本性。要小心你所拥有的力量，$C。	live	英文/仓库侧含页面残留(完成/奖励)，live 是清理后的版本
locales_quest_new_content_mt.sql	locales_quest	RequestItemsText_loc4	41460	These garments seem to suit your true nature far better. Be mindful of the power you possess	这些衣装似乎更契合你的本性。要小心你所拥有的力量，$N。完成 谨慎选择，你的决定不可更改。奖励 完成任务后可获得：0 点经验值	这些衣装似乎更契合你的本性。要小心你所拥有的力量，$C。	live	英文/仓库侧含页面残留(完成/奖励)，live 是清理后的版本
locales_quest_new_content_mt.sql	locales_quest	RequestItemsText_loc4	41461	These garments seem to suit your true nature far better. Be mindful of the power you possess	这些衣装似乎更契合你的本性。要小心你所拥有的力量，$N。完成 谨慎选择，你的决定不可更改。奖励 完成任务后可获得：0 点经验值	这些衣装似乎更契合你的本性。要小心你所拥有的力量，$C。	live	英文/仓库侧含页面残留(完成/奖励)，live 是清理后的版本
locales_quest_new_content_mt.sql	locales_quest	RequestItemsText_loc4	41462	These garments seem to suit your true nature far better. Be mindful of the power you possess	这些衣装似乎更契合你的本性。要小心你所拥有的力量，$N。完成 谨慎选择，你的决定不可更改。奖励 完成任务后可获得：0 点经验值	这些衣装似乎更契合你的本性。要小心你所拥有的力量，$C。	live	英文/仓库侧含页面残留(完成/奖励)，live 是清理后的版本
locales_quest_new_content_mt.sql	locales_quest	RequestItemsText_loc4	41463	These garments seem to suit your true nature far better. Be mindful of the power you possess	这些衣装似乎更契合你的本性。要小心你所拥有的力量，$N。完成 谨慎选择，你的决定不可更改。奖励 完成任务后可获得：0 点经验值	这些衣装似乎更契合你的本性。要小心你所拥有的力量，$C。	live	英文/仓库侧含页面残留(完成/奖励)，live 是清理后的版本
locales_quest_new_content_mt.sql	locales_quest	RequestItemsText_loc4	41464	These garments seem to suit your true nature far better. Be mindful of the power you possess	这些衣装似乎更契合你的本性。要小心你所拥有的力量，$N。完成 谨慎选择，你的决定不可更改。奖励 完成任务后可获得：0 点经验值	这些衣装似乎更契合你的本性。要小心你所拥有的力量，$C。	live	英文/仓库侧含页面残留(完成/奖励)，live 是清理后的版本
locales_quest_new_content_mt.sql	locales_quest	RequestItemsText_loc4	41465	These garments seem to suit your true nature far better. Be mindful of the power you possess	这些衣装似乎更契合你的本性。要小心你所拥有的力量，$N。完成 谨慎选择，你的决定不可更改。奖励 完成任务后可获得：0 点经验值	这些衣装似乎更契合你的本性。要小心你所拥有的力量，$C。	live	英文/仓库侧含页面残留(完成/奖励)，live 是清理后的版本
locales_quest_new_content_mt.sql	locales_quest	RequestItemsText_loc4	41466	These garments seem to suit your true nature far better. Be mindful of the power you possess	这些衣装似乎更契合你的本性。要小心你所拥有的力量，$N。完成 谨慎选择，你的决定不可更改。奖励 完成任务后可获得：0 点经验值	这些衣装似乎更契合你的本性。要小心你所拥有的力量，$C。	live	英文/仓库侧含页面残留(完成/奖励)，live 是清理后的版本
locales_quest_new_content_mt.sql	locales_quest	RequestItemsText_loc4	41567	<Thandol is murmuring unintelligible curses into his beard.>	完成 我的计划，全被撕碎了！黑须竟敢糟蹋我历经数年艰辛、血汗与泪水换来的成果，但愿他得到了应有的下场！所幸配方里重要的部分我还能读懂。谢谢你，$N。我知道你为了我冒险闯进那座该死的山，连身家性命都搭上了。这些东西回到我手里，我们终于走到旅程的尽头了。奖励 完成任务后可获得：2200 点经验值	＜坦多尔正对着胡子嘟囔着含混的咒骂。＞	live	英文/仓库侧含页面残留(完成/奖励)，live 是清理后的版本
locales_quest_new_content_mt.sql	locales_quest	RequestItemsText_loc4	41577	This horrible stench! $N	好臭的味道！$N，你带回来的是什么鬼东西？！完成 多么可怕的局面。想想看，我们差点又站在燃烧军团入侵的边缘。$N，你和你同伴的所作所为不仅让艾泽拉斯免于又一场战争，还除掉了我们所知最强大的恐惧魔王之一。他的威名仅次于七年前军团入侵的先锋提克迪奥斯，连达拉然的六人议会里都流传着他的传说。这样一位叱咤风云的人物就此殒命，简直难以想象。你把他那颗邪恶的心脏带来给我，做得对。我能把它血肉中的邪能精华烧尽，虽然这对我的身体负担极大。但那只是小小的牺牲。只要能把这个污秽的存在从世上除掉，付出多少都不算什么。剩下的东西你留着吧，当作战利品——记住你今日的壮举。奖励 完成任务后可获得：0 点经验值	这股恶臭！$N，你带来了什么东西？！	live	英文/仓库侧含页面残留(完成/奖励)，live 是清理后的版本
locales_quest_new_content_mt.sql	locales_quest	RequestItemsText_loc4	41642	<Mirabelle is lost deep in prayer.>$B$BO	哦，蒙福的圣光，请把这只迷途的羔羊引回你的羊群。愿他的儿子不必忍受孤独之苦，愿他与亲人同伴重聚。完成 多么悲惨的事，克里斯托夫是个真正善良的人，也是个好父亲。看他死于这样一场毫无意义的死亡，我心都碎了。可可怜的、可怜的 阿诺德 呢？他成了孤儿，我为他担忧。请让我来处理该怎么把他的父亲的事告诉他吧。琥珀郡教堂那位可敬的修女知道该怎么说。谢谢你，善良的人。你今天做了一件好事。愿圣光的祝福照在你前行的路上。奖励 完成任务后可获得：2150 点经验值，暴风城 100 点声望	＜米拉贝尔沉在深深的祈祷中。＞$B$B哦，蒙福的圣光，请指引这只迷途的羔羊回到你的羊群。愿他的儿子不必承受孤独之苦，愿他与亲人和同伴重逢。	live	英文/仓库侧含页面残留(完成/奖励)，live 是清理后的版本
locales_quest_new_content_mt.sql	locales_quest	RequestItemsText_loc4	41643	<Operative Hawthorne is noting something down in his journal. With a stern expression of contemplation	完成 有意思。有了你带来的证词，再加上我自己掌握的情报，我们应该能锁定几名嫌疑人。干得好。奖励 完成任务后可获得：850 点经验值，暴风城 100 点声望	＜特工霍桑正在日记里记着什么。他表情严峻，陷入沉思之中。＞	live	英文/仓库侧含页面残留(完成/奖励)，live 是清理后的版本
locales_quest_new_content_mt.sql	locales_quest	RequestItemsText_loc4	41650	<The site that unfolds before only raises more questions. The leads you have are not many	完成 奖励 完成任务后可获得：6300 点经验值	＜眼前的景象只是引出更多疑问。你手上的线索不多，但有一条格外扎眼：插在侏儒胸口的血精灵匕首。你的推断是，你在这片区域西方路上遇到的那些血精灵	live	英文/仓库侧含页面残留(完成/奖励)，live 是清理后的版本
locales_quest_new_content_mt.sql	locales_quest	RequestItemsText_loc4	41653	<The frog stares at you intently.>	完成 奖励 完成任务后可获得：1200 点经验值	＜那只青蛙专注地盯着你。＞	live	英文/仓库侧含页面残留(完成/奖励)，live 是清理后的版本
locales_quest_new_content_mt.sql	locales_quest	RequestItemsText_loc4	41659	How goes your progress $C?	你的进展如何，$N？完成 干得漂亮。萨尔加拉兹矿场蕴含着相当可观的铁矿，这正好能为我们的行动提供极大的助力。收下这个吧，作为你今天所作所为的奖赏。奖励 完成任务后可获得：2650 点经验值	你的进展如何，$C？	live	英文/仓库侧含页面残留(完成/奖励)，live 是清理后的版本
locales_quest_new_content_mt.sql	locales_quest	RequestItemsText_loc4	41684	$N? What brings you to me? You found the ones responsible?! Tell me!	$N？什么事让你来找我？你找到凶手了？！快说！完成 这么说，果然是兽人干的；但不是黑石兽人。你描述的样子，跟我们近来遇到的任何兽人部族都对不上，至少我记忆里没有。我们把这个交给暴风城，让总部去追查。至于那个女孩……我会亲自去把她的遗体带回来，反正那个兽人营地我也得去看一趟。告诉她母亲的事就交给我吧，那种事本来也不该落到你这样的人头上。奖励 完成任务后可获得：2100 点经验值，暴风城 100 点声望	$N？什么事让你来找我？你找到凶手了？！快说！	live	英文/仓库侧含页面残留(完成/奖励)，live 是清理后的版本
locales_quest_new_content_mt.sql	locales_quest	RequestItemsText_loc4	41689	<The round button eyes stare at you.>	完成 奖励 完成任务后可获得：2650 点经验值	＜那双圆圆的纽扣眼盯着你。＞	live	英文/仓库侧含页面残留(完成/奖励)，live 是清理后的版本
locales_quest_new_content_mt.sql	locales_quest	RequestItemsText_loc4	41694	$N	$N，你回来了？特工德里尔比你早到没多久，浑身上下都是重伤。我们已经送他回暴风城养伤。不过说说看，你查到什么了吗？完成 可惜了，今天我们折损了几名宝贵的特工。我会给他们的家人去信，他们为王国效力的事不会被忘记。现在，说说这份卷轴……奖励 完成任务后可获得：3400 点经验值，暴风城 100 点声望	$N，你回来了？特工德里尔比你早到没多久，浑身上下都是重伤。我们已经送他回暴风城养伤。不过说说看，你查到什么了吗？	live	英文/仓库侧含页面残留(完成/奖励)，live 是清理后的版本
locales_quest_new_content_mt.sql	locales_quest	RequestItemsText_loc4	41705	<Faint whimpering escapes her mouth.>	完成 你最后那一手有没有让她死得不那么痛苦，你只能猜测。至少你可以确定，她已经不再受折磨了。奖励 完成任务后可获得：2400 点经验值	＜她嘴里逸出微弱的呜咽。＞	live	英文/仓库侧含页面残留(完成/奖励)，live 是清理后的版本
locales_quest_new_content_mt.sql	locales_quest	RequestItemsText_loc4	41707	<Kinrial doesn''t really pay attention to you.>	完成 有意思，这些蘑菇菌株还在不断寻找肥沃的土壤扎根繁殖。正常情况下，不扎在合适的土里它们很快就会死，可这些不一样——它们扭动着、四处试探，主动寻找养分。看着真叫人毛骨悚然。为了我们特工着想，这个恶心的细节我就不上报了。奖励 完成任务后可获得：2800 点经验值，暴风城 100 点声望	＜金里尔没怎么理会你。＞	live	英文/仓库侧含页面残留(完成/奖励)，live 是清理后的版本
locales_quest_new_content_mt.sql	locales_quest	RequestItemsText_loc4	41714	Be quick	快些，$N。我们不能再等了。自由只差一次召唤！完成 该死的魔法，没起作用！恐怕我们需要更多能量才能打碎这些锁链。别发愁，我相信我们终会成功。作为你这些行动的补偿，请带上我们刚做出的那颗水晶。我确信它会在你的旅途中派上用场。奖励 完成任务后可获得：0 点经验值	快些，$N。我们不能再等了。自由只差一次召唤！	live	英文/仓库侧含页面残留(完成/奖励)，live 是清理后的版本
locales_quest_new_content_mt.sql	locales_quest	RequestItemsText_loc4	41727	The blood is required for my rituals	我的仪式需要这些血液，你拿到了吗，$N？完成 恶魔之魂的力量就蕴含在这血液之中，它的力量无可否认。奖励 完成任务后可获得：1850 点经验值，奥格瑞玛 300 点声望	我的仪式需要这些血液，拿到了吗，$C？	live	英文/仓库侧含页面残留(完成/奖励)，live 是清理后的版本
locales_quest_new_content_mt.sql	locales_quest	RequestItemsText_loc4	41731	<Far Seer Mothang is lost in harmony.>	完成 乌索克 宝石的力量正流经我的血脉……这样的力量令人狂喜！我重生了，这全得谢你替我做完了所有苦活。乌索克 的坠饰已经被抽干了力量，但我相信你还能派上点用场。再会，$N。奖励 完成任务后可获得：300 点经验值，奥格瑞玛 300 点声望	＜先知莫萨沉浸在共鸣之中。＞	live	英文/仓库侧含页面残留(完成/奖励)，live 是清理后的版本
locales_quest_new_content_mt.sql	locales_quest	RequestItemsText_loc4	41774	<The Pedestal of Unity stands unbroken	阿尔戈隆碎片 达斯罗纳格碎片 奖励 你将获得：下储备钥匙 完成 奖励 完成任务后可获得：0 点经验值	＜合一之座完好无损，没有受到严重破坏。它因年岁而风化，覆满尘土。表面刻着古老的矮人符文，还有两个插着某种方形物件的槽位。一眼就能看出，某种古	live	英文/仓库侧含页面残留(完成/奖励)，live 是清理后的版本
locales_quest_new_content_mt.sql	locales_quest	RequestItemsText_loc4	41777	In her dissertation	在她的论文里，阿兹苏妮 推测奥术能量经过一段时间会自然聚合。不过，这个过程可以用一种不那么自然的方式加速。她写道：如果把两件倾向相同的法器调校到同一波能量上，它们最终会融合，生出全新的东西。我太想亲手试试了，这种心情没法形容。我们先从简单的开始吧；谁知道我们的举动会带来什么样危险的连锁反应。照着这些咒文，我会尝试把两块大块魔光碎片凝聚起来，造出了不起的东西。$N，要是你能把碎片给我送来，我不胜感激。大块魔光碎片（2）奖励 你会获得：连结水晶 完成 太棒了，亲眼看着它在我眼前成形，这一幕我会永远记得。想想看，我们今天能做到这一步，全靠一万年前的知识——我族人珍藏了千年的智慧，正是我们韧性的证明。别担心，年轻的，没有你的帮助，这一切都不可能实现。这块水晶就当作报酬收下吧。我坚信我们还能把这套流程改进得更精，所以要是你愿意再收集一次所需的材料，我会很高兴。奖励 完成任务后可获得：0 点经验值	在她的论文里，阿兹苏妮推测奥术能量经过一段时间会自然聚合。不过，这个过程可以用一种不那么自然的方式加速。她写道：如果把两件倾向相同的法器调校	live	英文/仓库侧含页面残留(完成/奖励)，live 是清理后的版本
locales_quest_new_content_mt.sql	locales_quest	RequestItemsText_loc4	41790	Be wary	当心，$N。他是个可怕的敌人。完成 那么……结束了。一件必要的事，办得也够妥当。可……我的思绪里仍有一道阴影。万一乌尔索尔自己也已经堕落了呢？万一那份沉默不是出于不屑，而是出于疯狂……腐化？这个念头太危险，我不敢轻易深想。大德鲁伊必须知道这件事。感谢你的……协助。愿风把你带离这片受诅咒的地方。奖励 完成任务后可获得：1150 点经验值，达纳苏斯 200 点声望	当心，$C。他是个可怕的敌人。	live	英文/仓库侧含页面残留(完成/奖励)，live 是清理后的版本
locales_quest_new_content_mt.sql	locales_quest	RequestItemsText_loc4	41840	Oh, Sara, my darling angel… By the Light, please let my Timothy be safe…! Completion What…? What is this? Where did you…?! No, no, no! Timothy! My little Timmy,	哦，萨拉，我亲爱的天使……以圣光之名，请保佑我的 提莫斯 平安……！完成 什么……？这是什么？你从哪儿……？！不，不，不！提莫斯！我的小 小提姆，不！哦，圣光啊，你为什么抛弃了我？！他还是个孩子，我亲爱的、天真的孩子！奖励 完成任务后可获得：1200 点经验值，暴风城 100 点声望	＜朱迪丝仍在抽泣。＞$B$B哦，萨拉，我亲爱的天使……以圣光之名，请保佑我的提莫斯平安……！	live	英文/仓库侧含页面残留(完成/奖励)，live 是清理后的版本
locales_quest_new_content_mt.sql	locales_quest	RequestItemsText_loc4	41859	<The grave has long been overgrown	完成 奖励 完成任务后可获得：1550 点经验值，暴风城 100 点声望	＜这座坟早已被荒草覆盖，但十字架还大致完好。＞	live	英文/仓库侧含页面残留(完成/奖励)，live 是清理后的版本
locales_quest_new_content_mt.sql	locales_quest	RequestItemsText_loc4	41894	What can I do for you $C?	我能为你做什么，$N？完成 瞧瞧这小宝贝？多彩动力的涡轮增压好货！这东西能让我重新站起来。我凑了凑能拿出来的当报酬，不多，但希望够付。现在，滚吧，我还有活儿要捣鼓。奖励 完成任务后可获得：1850 点经验值，300 点声望	我能为你做什么，$C？	live	英文/仓库侧含页面残留(完成/奖励)，live 是清理后的版本
locales_quest_new_content_mt.sql	locales_quest	RequestItemsText_loc4	41915	<The chieftain gazes into the horizon with a melancholic expression.>	完成 看来这些年我儿子成长了许多。又一件我该注意却没注意到的憾事。他比我以为的更早成了男子汉。阿尔莉亚 说得对。哀悼与无所事事的日子已经结束。我们熬过了一场种族灭绝，可不能倒在自己族人发动的又一场里。举起你的手臂，$N。我们要让这个假先知闭嘴。奖励 完成任务后可获得：850 点经验值和 50 点声望	＜酋长带着忧郁的神情望向地平线。＞	live	英文/仓库侧含页面残留(完成/奖励)，live 是清理后的版本
locales_quest_new_content_mt.sql	locales_quest	RequestItemsText_loc4	41922	$N	$N，很高兴在避难营又见到你。有什么我能帮你的吗？完成 一块投影水晶……来自另一位德莱尼？！快，请把它交给我！奖励 完成任务后可获得：1200 点经验值，100 点声望	$N，很高兴在避难营又见到你。有什么我能帮你的吗？	live	英文/仓库侧含页面残留(完成/奖励)，live 是清理后的版本
locales_quest_new_content_mt.sql	locales_quest	RequestItemsText_loc4	41923	<The stone resonates with the idol in your possession. It yearns to be attuned to it	伊瑟拉之哀嚎 明亮梦境碎片（10）完成 奖励 完成任务后可获得：2300 点经验值	＜这块石头与你手中的神像产生共鸣。它渴望与之同频，却无法独自做到。你越靠近那块覆满苔藓的石头，它试图刻进你脑海的字句就越清晰：莱索恩。也许某	live	英文/仓库侧含页面残留(完成/奖励)，live 是清理后的版本
locales_quest_new_content_mt.sql	locales_quest	RequestItemsText_loc4	41924	<The stone resonates with the idol in your possession. It yearns to be attuned to it	伊瑟拉之哀嚎 明亮梦境碎片（10）完成 奖励 完成任务后可获得：2300 点经验值	＜这块石头与你手中的神像产生共鸣。它渴望与之同频，却无法独自做到。你越靠近那块覆满苔藓的石头，它试图刻进你脑海的字句就越清晰：伊森德雷。也许	live	英文/仓库侧含页面残留(完成/奖励)，live 是清理后的版本
locales_quest_new_content_mt.sql	locales_quest	RequestItemsText_loc4	41925	<The stone resonates with the idol in your possession. It yearns to be attuned to it	伊瑟拉之哀嚎 明亮梦境碎片（10）完成 奖励 完成任务后可获得：2300 点经验值	＜这块石头与你手中的神像产生共鸣。它渴望与之同频，却无法独自做到。你越靠近那块覆满苔藓的石头，它试图刻进你脑海的字句就越清晰：泰拉尔。也许某	live	英文/仓库侧含页面残留(完成/奖励)，live 是清理后的版本
locales_quest_new_content_mt.sql	locales_quest	RequestItemsText_loc4	41926	<The stone resonates with the idol in your possession. It yearns to be attuned to it	伊瑟拉之哀嚎 明亮梦境碎片（10）完成 奖励 完成任务后可获得：2300 点经验值	＜这块石头与你手中的神像产生共鸣。它渴望与之同频，却无法独自做到。你越靠近那块覆满苔藓的石头，它试图刻进你脑海的字句就越清晰：艾莫莉丝。也许	live	英文/仓库侧含页面残留(完成/奖励)，live 是清理后的版本
locales_quest_new_content_mt.sql	locales_quest	RequestItemsText_loc4	41928	By the Light! What is that decrepit miasma coming from you? $C	以圣光之名！你身上那股腐臭的瘴气是怎么回事？$N，不管你身上带着什么，赶紧交出来！果然如我所料，这石板上的防护诅咒太强，破不开。我们得用神圣之力把它圣化。为此，狂热的血色十字军手里的圣十字应该够用。那些圣物本来也不该留在他们肮脏的手里。$N，尽快把它们送到我这儿来！完成 十字架，你拿到了！隔这么远都能感到它们的神圣光辉。$N，我们必须净化这块石板。你也许不知道，天灾的邪恶地穴领主正是用它们催动惑人心神的法术，号令蛛怪大军、强化它们的力量。必须把它从这个世界清除掉，立刻。总之，保持警惕。我们毁掉的是他们珍视的圣物，他们必定会报复。做好准备！奖励 完成任务后可获得：2300 点经验值	以圣光之名！你身上那股腐朽的瘴气是什么？$C，不管你身上带着什么，快交出来！$B$B＜石板被交给提里昂，他立刻对着那覆满蛛网的表面施了一道神	live	英文/仓库侧含页面残留(完成/奖励)，live 是清理后的版本
locales_quest_new_content_mt.sql	locales_quest	RequestItemsText_loc4	41929	<The book you find on the altar has numerous rituals and incantations. One of them	完成 奖励 完成任务后可获得：2300 点经验值	＜你在祭坛上发现的那本书里记着许多仪式与咒文。其中一个——想必就是教徒们眼下正在施行的法术——讲的是召唤：从扭曲虚空之外，召唤某种黑暗实体。	live	英文/仓库侧含页面残留(完成/奖励)，live 是清理后的版本
locales_quest_new_content_mt.sql	locales_quest	RequestItemsText_loc4	41932	My seal will not hold for long	我的封印撑不了多久，$N。请你动作快些。完成 这些物品的力量让我惊叹。有了那野兽的心脏，我们就能打破图腾周围的邪恶屏障。格拉蒙 的舌头会让它们说出真话，净化之水会洗去一切污秽。奖励 完成任务后可获得：8400 点经验值，木喉要塞 1000 点声望	我的封印撑不了多久，$N。请你动作快些。	live	英文/仓库侧含页面残留(完成/奖励)，live 是清理后的版本
locales_quest_new_content_mt.sql	locales_quest	RequestItemsText_loc4	41934	<Narkogg is stuck in a praying position. Through the rough whispers of his maw you can deduce him singing a ritualistic song.>	完成：在我们古老的教义中，有一则传说将所有的熊怪部族联系在一起。它讲述了我族的诞生——据说在世界尚且年轻之时，双子神将我们带到了这个世上。那时他们还是幼崽，在卡利姆多未经触碰的荒野中嬉戏，在清晨沾满露水的草地上打滚。笑声弥漫在空气中，他们无拘无束的活力在四周飘荡。随着他们的力量满溢而出，湿草上的露珠落向巨树的根须，渗过树皮，与大地融为一体。日积月累，这些露珠逐渐生长，化作了那两位年轻熊神的模样。对我们熊怪来说，没有什么比协助始祖守护荒野更为重要。看着乌索尔第二次死去，让我的心充满痛苦与悲恸；像他这般高贵的存在，不该落得这样的下场。木喉部族将永远欠你一份恩情。请收下这剂强效药膏，净化木喉要塞中残存的腐化。完成任务后可获得：8400经验值、木喉要塞2000点声望	＜纳科格保持着祈祷的姿势。从他喉间粗重的低语中，你能听出他在唱一首仪式之歌。＞	live	英文/仓库侧含页面残留(完成/奖励)，live 是清理后的版本
locales_quest_new_content_mt.sql	locales_quest	RequestItemsText_loc4	41937	<The great spirit looks at you with a venerable gaze.>	完成 感谢你救了我的兄弟。荒野的长者们以此相赠。在巨熊之灵的爪边放着几件饰品，想必是让乌尔索尔从痛苦中解脱的奖赏。明智地选吧。> 奖励 完成任务后可获得：5400 点经验值，木喉要塞 2000 点声望	＜这位伟大的灵魂以庄严的目光看着你。＞	live	英文/仓库侧含页面残留(完成/奖励)，live 是清理后的版本
locales_quest_new_content_mt.sql	locales_quest	RequestItemsText_loc4	41964	Welcome back	欢迎回来，$N。凡戈恩那边有收获吗？完成 佩罗萨恩。萨特领主萨维斯的副手。绝不会错。这块角碎片和 枯喉 的图腾有着同一种邪恶能量——恶魔精华与某种未知恐惧的恶心混合。如此压迫的存在，光是看着就已经是极度的亵渎。奖励 完成任务后可获得：7900 点经验值	欢迎回来，$N。老凡戈恩那边有收获吗？	live	英文/仓库侧含页面残留(完成/奖励)，live 是清理后的版本
locales_quest_new_content_mt.sql	locales_quest	RequestItemsText_loc4	42005	<The vine is pulsating in an irregular rhythm. Its abhorrent appearance looks out of place in the dreamscape.>	完成：希尔弗拉尔握在一只手中，碎片握在另一只手里。你极不情愿地把碎片按进剑身上的凹槽。几乎就在同时，那小片木头便开始在剑刃中扎根，这引得你面前的藤蔓向希尔弗拉尔伸来。它沿着你的小臂蜿蜒爬行，一面把你拉近，一面也缠住了握着寄生物的那只手。接着，藤蔓猛地收紧，以不可思议的力量把你的双手死死缠在一起，同时散发出骇人的紫色烟雾。你能感觉到寄生物的卷须正从你的脑中退去，穿过手臂，离开手掌。折磨没有持续太久，藤蔓终于松开了束缚，你重获自由的手中躺着的正是希尔弗拉尔，它与寄生物融为一体，泛着不自然的品红色光芒。正如你手中的那个声音所预言：它走完了自己的道路。多亏了你。因为你的行动，它如今得以观察，并向那个将它带入此世的力量宣告自己的发现。完成任务后可获得：8000经验值	＜藤蔓正以不规则的节奏脉动着。它那令人作呕的外形在这片梦境中格格不入。＞	live	英文/仓库侧含页面残留(完成/奖励)，live 是清理后的版本
locales_quest_new_content_mt.sql	locales_quest	RequestItemsText_loc4	42007	! You have returned. Pray tell, where is Evenpike? Completion By the Makers, he was right. Oh, Odum, you lunatic! Betting your life on it was not worth it! , my	$N！你回来了。请问，匀矛 呢？完成 以创造者之名，他说得没错。唉，奥杜姆，你这个疯子！拿命去打这种赌，太不值了！$N，我的朋友一直在找一件古物，他认为那属于泰坦——那些曾造访艾泽拉斯的永生存在。在我们伟大的铁炉堡里，许多学者和教授都推测矮人的起源与那些神明般的生命有关。他以为你手里那东西能让矮人离真相更近一步，但看样子它并不完整。不管怎么说，匀矛 用性命换来了这个惊人的发现，我会自豪地尊崇他的牺牲。等我处理完暴风城这边的事，就把它呈给铁炉堡大图书馆的资深探险家麦格拉斯作进一步研究。至于你，英雄气概与考古贡献都该有回报，我为你备了一份应得的奖赏。旅途平安，旅行者。奖励 完成任务后可获得：850 点经验值，铁炉堡 125 点声望	$N！你回来了。请告诉我，匀矛在哪里？	live	英文/仓库侧含页面残留(完成/奖励)，live 是清理后的版本
locales_quest_new_content_mt.sql	locales_quest	RequestItemsText_loc4	42008	Make haste	动作快些。我的主人可不是以耐心著称的。完成 传闻果然不假，我还很少见过如此柔滑如丝的毛皮。我简直等不及要开始处理它了。按照约定，也给你一份报酬。我相信你一定会用得上它。奖励 完成任务后可获得：1250 点经验值，银月幸存者 250 点声望	快一点，$C。我的主上可不是以耐心著称的。	live	英文/仓库侧含页面残留(完成/奖励)，live 是清理后的版本
locales_quest_new_content_mt.sql	locales_quest	RequestItemsText_loc4	42021	, I have heard of your continued assault on the darkness dwelling within Timbermaw Hold. It seems the salve I had created for you was not enough to quell the mi	$N，我听说你一直在打击木喉要塞里的黑暗。看来我给你配的药膏不足以压制那股瘴气。别担心，我可以用几样材料重新配出药膏。把它们带给我，我们就继续对抗邪恶。木喉树液 大地精华（2）生命精华（2）奖励 你将获得：净化精华 完成 成了。虽然不如原来那副强劲，但这份精华足以浇灭那些在神圣隧道里散播枯萎之喉腐化的火盆。如果还需要更多，你知道上哪儿找我，勇敢的冒险者。奖励 完成任务后可获得：0 点经验值	$N，我听说你一直在打击木喉要塞里的黑暗。看来我给你配的药膏不足以压制那股瘴气。别担心，我可以用几样材料重新配出药膏。把它们带给我，我们就继	live	英文/仓库侧含页面残留(完成/奖励)，live 是清理后的版本
locales_quest_new_content_mt.sql	locales_quest	RequestItemsText_loc4	42034	Who are you and why are you interrupting my work? If you’re here just to annoy me	你是谁，为什么要来打扰我干活？要是你只是来烦我的，那我就让你见识见识我的熔炉到底有多热……哦嚯，原来如此。算是加急送货，是吧。我或许就是你要找的人，可你要是想让我尽快办成，这点少得可怜的金币可不够。想在最短时间内弄完，就再给我一百金币，我会考虑考虑的。成交？完成：这才叫像样的报酬。现在稍等一下，我马上就弄好。你带来的这些东西，读起来可一点都不轻松……完成任务后可获得：6500经验值	你是谁，为什么打断我的工作？你要是专程来烦我的，我就让你看看我的炉子到底有多热……$B$B＜你说明来意，并把材料和钱袋递给他。＞$B$B哦嚯	live	英文/仓库侧含页面残留(完成/奖励)，live 是清理后的版本
locales_quest_new_content_mt.sql	locales_quest	RequestItemsText_loc4	42039	Be prepared for anything $C	做好万全准备，霜鬃巨魔是狡猾的敌人。完成 这么说，乌布卡兹被干掉了？我简直不敢相信自己的耳朵。我毫不怀疑还会有另一个巨魔站出来当上酋长，但接下来的这些日子里，丹莫罗总算能太平了。趁他们内斗还没结束，我们还有时间庆祝一番！奖励 完成任务后可获得：1200 点经验值，铁炉堡 300 点声望	做好万全准备，$C，霜鬃巨魔是狡猾的敌人。	live	英文/仓库侧含页面残留(完成/奖励)，live 是清理后的版本
locales_quest_new_content_mt.sql	locales_quest	RequestItemsText_loc4	42054	The Celestial Siblings guide your very first steps to me	是天界兄妹指引你迈出最初的一步来到我面前，$N。你在这里、在红云台地完成训练期间，将由我照看你，尽我所能教你。我相信你渴望亲眼看看这个世界，甚至想踏上前往月语海岸的朝圣之旅。月蹄村存有三卷祈祷卷轴，每一卷献给兄妹中的一位。完成 朋友，还要过许多个周期，你的蹄子才准备好踏上那条路。你的训练继续。等你积累了更多战斗经验，再来找我。虔诚信奉天界兄妹会让你超越部族的界限。大地母亲的眼与泪都眷顾着你。从今往后无论你走哪条路，至少他们中的一个会与你同在。奖励 完成任务后可获得：40 点经验值	是天界兄妹指引你迈出最初的一步来到我面前，$N。你在这里、在红云台地完成训练期间，将由我照看你，尽我所能教你。$B$B我相信你渴望亲眼看看这	live	英文/仓库侧含页面残留(完成/奖励)，live 是清理后的版本
locales_quest_new_content_mt.sql	locales_quest	RequestItemsText_loc4	55039	The tome is of great importance	这本典籍至关重要，请尽快行动，$R大师。完成 达拉然非常感谢你的努力，正是像你这样的冒险家的努力才让这个世界不再走向迷失。奖励 完成任务后可获得：2675 点经验值，达拉然 150 点声望	这本典籍至关重要，请尽快行动，$R大师。	live	英文/仓库侧含页面残留(完成/奖励)，live 是清理后的版本
