english	old_zh	new_zh	entries
Trade Supplies	贸易供应商	商人	60771
Trade Supplies	商品供应商	商人	60965,61002,61107,61141,61148,61372,61444,61524,61721,91882,92020,92195
General Supplies	杂货商人	杂货供应商	92169,92177
Armorer	盔甲师	护甲商	50539
Bartender	酒保	调酒师	52032,60458
Waitress	女侍者	女服务生	81027
Fletcher	造剪师	造箭师	91246
Leather Armor Merchant	皮甲商人	皮甲商	91982,92202
Librarian	图书馆员	图书管理员	80966
Weapon Merchant	武器商人	武器商	15315
Food & Drink Vendor	食物和饮料商人	食物和饮料	3961,4181,4191,6091
Food & Drink Vendor	食物和饮料供应商	食物和饮料	61808
Arcane Goods Vendor	炼金术和材料供应商	魔法货物商人	1257
Trade Goods	商品供应商	商人	61273
Journeyman Tailor	裁缝训练师	初级裁缝	1103
Scarlet Crusade Emissary	血色十字军大使	血色十字军使者	61387
Reagent Vendor	材料商	施法材料商	1275,1308,1463,1673,3562,5110,5151,62095,63023
Trade Supplier	杂货供应商	商人	52128
Mail Armor Merchant	链甲商人	锁甲商	51689
Mail Armor Merchant	风险投资公司锁甲商人	锁甲商	80110
Mail Armor Merchant	锁甲商人	锁甲商	80222
Expert Enchanter	附魔训练师	中级附魔师	1317,5157,62290
Shady Dealer	可疑交易商	毒药商	61877
Barmaid	酒吧女招待	招待员	91888
Cobbler	皮匠	鞋匠	1339
Artisan Tailor	高级裁缝	裁缝训练师	4576
Cooking Trainer	风险投资公司员工	烹饪训练师	80101
Expert Blacksmith	锻造训练师	中级铁匠	3136,5511
Expert Blacksmith	初级铁匠	中级铁匠	10276
Expert Leatherworker	制皮训练师	中级制皮师	3967,5127,5564
Herbalist	草药师	采药人	61842
Royal Apothecary Society	皇家药剂师协会	皇家药剂师学会	61167
Fisherman	钓鱼训练师	渔夫	1651,2367,3607,62859
Expert Engineer	中级工程技师	工程学训练师	3412,11031
Expert Engineer	初级技师	工程学训练师	11029
Fishing Supplies	钓鱼供应商	渔具供应商	51654
Engineering Supplies	工程供应商	工程学供应商	61108
Journeyman Engineer	中级工程技师	初级工程技师	11037
Journeyman Engineer	初级工程师	初级工程技师	61738
King of Stormwind	风暴城国王	暴风城国王	65133
General Goods	杂货店	杂货商	60790,60966,60989,61058,61140
Apprentice Armorer	学徒铁匠	见习造甲师	2135
Warsong Gulch Battlemaster	战歌峡谷指挥官	战歌峡谷军官	2804,3890,10360
Food & Drink	食物和饮料商人	食物和饮料	7485,7941,8143,8150,8152
Expert Alchemist	炼金术训练师	中级炼金师	4900,5177,5499
Expert Alchemist	初级炼金师	中级炼金师	11042
Master Tailor	裁缝训练师	大师级裁缝	11052
Warband Leader	战队领主	军队领袖	91789
Expert Tailor	裁缝训练师	中级裁缝	5153
Expert Tailor	初级裁缝	中级裁缝	5567
Food and Drink	餐饮供应商	食物和饮料	2832,4255,10367,12794,62033,62158
Food and Drink	护甲军需官	食物和饮料	12785
Fruit Vendor	水果商人	水果商	61508,80460
Gun Merchant	枪械商	枪械商人	5123,92217
Mushroom Seller	蘑菇商人	蘑菇商	92022
Artisan Blacksmith	锻造训练师	锻造工匠	4258
Bow Merchant	弓箭商	弓箭商人	3410
Southsea Freebooters	南海海盗	南海劫掠者	3467
Baker	烘焙师	面包师	65134
Fish Merchant	鱼贩	鱼商	81025
Race Starter Girl	赛车宝贝	赛车女郎	50533
Reagents & Poisons	调酒师	材料与毒药商	10364
Armor Crafter	护甲锻造训练师	铸甲师	5164
Drunk	醉鬼	酒鬼	6090
Chief Engineer	首席技师	首席工程师	7853
High Priestess of Elune	艾露恩的高阶祭司	艾露恩的高阶女祭司	15633
Flaxwhisker Front	工程学供应商	亚麻须前线	8678
Flaxwhisker Front	商人	亚麻须前线	12957
Kargath Expeditionary Force	卡加斯远征军队	卡加斯远征军	60495
Blackhand Legion Armorsmith	黑色军团护甲锻造师	黑手铸甲师	15796
Artisan Enchanter	高级附魔师	附魔训练师	11074
Armorsmith	铸甲师	护甲锻造师	92178
Captain of the Guard	卫兵队长	守卫队长	15182
Smokywood Pastures	熏木牧场	烟林牧场	15732
Sweet Treats	好心人	糖果礼物商人	14481
Alliance Cloth Quartermaster	联盟布甲军需官	联盟布匹军需官	80459
Horde Cloth Quartermaster	部落布甲军需官	部落布匹军需官	80807
Blacksmith	锻造供应商	铁匠	60457
Abyssal High Council	高阶深渊议会	深渊议会	15305
Runecloth Bandage Collector	符文布收集者	符文布绷带收集者	15532
Survival Trainer	生存专家	生存训练师	50070
Warsong Outriders	战歌氏族	战歌先锋	60880
Dockmaster	码头管理员	码头主管	91250
Regency Council	银月城残党	摄政议会	80877
Riftmaster	寻隙者	裂隙大师	91782
Apprentice Weapon Master	初级	初级武器大师	80228
Sorrowguard	悲恸守卫	悲痛守卫	92023
